symbol,currentPrice,sharesOutstanding,trailingEps,forwardEps,lastDividendValue,freeCashflow,operatingCashflow,totalRevenue,shortRatio,beta,profitMargins,revenueGrowth,earningsGrowth,debtToEquity,priceToSalesTrailing12Months,returnOnEquity,averageVolume,sharesShort,trailingPE,forwardPE,priceToBook,dividendYield
SW,53.35,520156000,0.72,3.61,0.303,2.52424,2.52424,31.59052,5.17,1.034,0.01345,1.632,1.632,82.987,1.6887976,0.0697,0.00693,0.03536,74.09721,14.423167,1.5383506,0.036
AZO,3293.46,16782200,150.51,174.32,,79.28944,179.00609,1101.77853,2.58,0.713,0.14399,0.09,0.117,-262,2.9892213,0.14281,0.00772,0.01929,21.882002,19.022161,2.9892213,
BA,170.78,748176000,-13.01,0.47,2.055,-5.59578,-7.01573,97.96224,2.12,1.572,-0.10880999,-0.015,-0.015,-245,1.7433248,-0.02665,0.01812,0.03058,244.43236,244.43236,1.7433248,
BAC,45.4,7672880128,2.76,3.66,0.26,-0.26001,-0.26001,12.33253,2.27,1.325,0.24952,-0.005,-0.1,101,3.681322,0.08092,0.00439,0.00978,16.449276,12.268016,1.2835375,0.0232
BK,77.92,727078016,4.53,6.53,0.47,-4.0312,-4.0312,24.48293,2.73,1.06,0.20038,0.047,0.22,69,3.1826255,0.08563,0.00521,0.01321,17.200882,11.77742,1.5047991,0.024400001
BKNG,4909.79,33096700,147.61,209.85,8.75,227.45093,270.35927,696.50446,3.27,1.385,0.21846001,0.089,0.065,279,7.049187,0.15423,0.00647,0.02106,33.261906,23.414164,7.049187,0.0071
C,72.74,1891260032,3.51,7.19,0.56,-25.97792,-25.97792,36.64647,2.74,1.426,0.11524,-0.024,-0.074,319,1.9849117,0.03874,0.0071,0.01911,20.723646,9.98216,0.71378803,0.0315
CAH,119.63,242010000,5.22,8.64,0.506,7.87674,6.55758,927.45755,2.68,0.616,0.0057,-0.043,-0.043,-157.6,0.12898704,0.03175,0.0086,0.02386,22.917625,13.754211,0.12898704,0.017
CFG,44.8,440700992,2.56,3.87,0.42,4.96482,4.96482,16.14473,2.86,1.32,0.18229,-0.061,-0.094,55.99,2.7748988,0.05426,0.00961,0.02399,17.5,11.612415,0.874044,0.0377
COF,183.52,381230016,10.77,15.66,0.6,59.83527,59.83527,69.50397,5.98,1.432,0.16455,0.064,-0.009,78,2.6404247,0.07479,0.00745,0.04092,17.039925,11.740471,1.2054888,0.013300001
DELL,124.66,357336992,5.87,9.4,0.445,9.00585,16.98117,257.00949,1.56,0.954,0.04325,0.091,0.857,-1095,0.9145576,0.04377,0.02065,0.02837,21.2368,13.26293,0.9145576,0.0126
DPZ,424.5,34532000,15.75,17.64,1.51,13.41927,17.82732,135.10582,4.05,0.859,0.122609995,0.031,0.301,-125,3.2424955,0.31768,0.01696,0.06641,26.952381,24.072487,3.2424955,0.0138
FDX,273.97,240851008,15.67,22.75,1.38,12.60582,30.18048,363.67297,2.77,1.177,0.0462,0.139,-0.133,139,0.75454897,0.1507,0.00667,0.01673,17.483727,12.053419,2.4266393,0.02
FICO,1968.01,24347900,20.47,37.17,0.02,21.86502,25.99666,70.54103,3.99,1.352,0.29858,0.164,0.353,-234,27.898798,0.27847,0.00644,0.02423,96.14119,53.345325,27.898798,
FITB,42.94,663881984,3.04,3.65,0.37,7.52694,7.52694,12.14523,5,1.231,0.27583,-0.03,-0.143,65,3.535544,0.119160004,0.00648,0.02833,14.125,11.88098,1.5555716,0.0349
HBAN,16.53,1452809984,1.03,1.34,0.155,0.84595,0.84595,4.60487,2.23,1.057,0.24709,-0.012,-0.057,48,3.5896788,0.08545,0.00987,0.01942,16.048544,12.279464,1.3186024,0.0377
HLT,243.55,243780000,4.63,7.99,0.15,6.26026,7.7775,19.25917,3.17,1.307,0.25069,0.063,-0.042,-345,12.800147,0.09082,0.0055,0.01726,52.602592,30.420328,12.800147,0.0024
HPQ,33.87,937798016,2.87,3.6,0.289,3.46783,4.37301,56.85766,6.19,1.087,0.053319998,0.024,-0.145,-8.25,0.5956981,0.07047,0.00747,0.04058,11.8013935,9.021366,0.5956981,0.028199999
INTU,625.16,279916992,10.19,22.23,1.04,15.17191,17.44803,58.17796,3.14,1.246,0.18195,0.41,-0.185,21,10.832792,0.16597,0.00542,0.01372,61.35034,28.31397,9.5038,0.0061
IRM,103.43,293460000,0.35,1.96,0.715,-0.77033,4.13113,20.40639,5.71,1.023,0.01748,0.122,0.122,3658,5.1797566,0.54398996,0.00538,0.02715,295.51428,52.70453,5.1797566,0.0271
ISRG,542.37,356179008,6.29,7.86,,1.7899,5.11176,22.08693,2.98,1.389,0.28513,0.169,0.345,0.6,24.556154,0.15973,0.00366,0.01039,86.22735,69.03745,12.397311,
JPM,240.85,2815340032,17.98,16.74,1.25,-46.01185,-46.01185,57.59447,3.61,1.091,0.33163,0.03,0.009,133.2,4.181825,0.16216,0.00307,0.01037,13.39544,14.089978,2.0916197,0.020599999
KEY,17.38,1106530048,1.56,1.56,0.205,-0.0235,-0.0235,4.38488,2.17,1.231,0.0305,-0.602,-0.602,153,3.9636219,0.009670001,0.00842,0.0155,11.189585,11.189585,1.2003591,0.047399998
LOW,249.74,564649984,12.09,12.63,1.15,10.77083,16.97866,148.80546,3.28,1.098,0.08248,-0.055,-0.086,-296,1.6782987,0.14649999,0.0041,0.01237,20.656742,19.714085,1.6782987,0.016900001
MAR,272.62,277892992,9.46,10.6,0.63,9.1663,11.45045,23.64219,4.56,1.585,0.42131,0.066,-0.175,-563,11.643613,0.091450006,0.0045,0.01918,28.818182,25.711712,11.643613,0.0092
MCD,292.18,716620032,11.38,12.61,1.67,10.18708,12.98443,36.19589,3.06,0.735,0.3179,0.027,-0.013,-765,8.072186,0.13629,0.0049,0.01256,25.674868,23.165852,8.072186,0.024
MCK,580.43,126940000,19.44,36.81,0.71,34.54782,40.34189,2601.12663,2.77,0.436,0.00768,0.213,-0.62,-239,0.2231456,0.03917,0.00652,0.01605,29.85751,15.822899,0.2231456,0.0049
MO,52.09,1694809984,5.92,5.35,1.02,2.5522,5.09792,12.01433,3.91,0.67,0.50511,0.013,0.099,-736,4.335657,0.21103,0.00446,0.01672,8.798986,9.733884,4.335657,0.076799996
MSCI,596.66,78371296,15.1,17.04,1.6,14.32602,18.62859,35.76214,1.79,1.11,0.43065,0.159,0.092,-614,16.818903,0.18283,0.00578,0.01045,39.513905,35.000095,16.818903,0.0106
MTB,193.25,165920992,13.64,16.28,1.35,16.47772,16.47772,51.22317,3.7,0.732,0.28109,0.012,0.01,48.77,3.7727065,0.08676,0.00685,0.02156,14.167889,11.887809,1.2124349,0.028199999
MTCH,33.38,251091008,2.23,2.48,2,2.70674,3.79993,13.88112,3.55,1.487,0.17864001,0.016,-0.11,-4346,2.4047048,0.123950005,0.01769,0.06109,14.96861,9.919173,2.4047048,0.0233
MTD,1252.25,21102700,37.44,42.6,,36.63955,46.61318,178.28173,2.09,1.159,0.21148,0.013,0.081,-1346,7.023995,0.20142001,0.00629,0.01466,33.44685,29.598219,7.023995,
NTRS,103.21,198218000,8.02,7.64,0.75,24.98259,24.98259,39.6412,1.75,1.073,0.21493,0.145,0.49,37,2.6053772,0.13732,0.00629,0.01164,12.869077,13.079922,1.7243626,0.029000001
ORLY,1210.47,57730700,40.67,44.94,,24.70508,50.95241,284.85525,2.52,0.92,0.14522,0.038,0.064,-372.4,4.2494216,0.14369,0.00575,0.01408,29.763216,26.937662,4.2494216,
OTIS,92.29,399460992,4.02,4.19,0.39,2.96024,3.67996,35.56292,4.33,0.942,0.11481,0.007,0.473,-151.9,2.5951188,0.14079,0.00463,0.01875,22.957712,21.880558,2.5951188,0.0168
PM,121,1554829952,6.3,7.2,1.35,5.92074,7.40724,23.93767,2.34,0.56,0.26417,0.084,0.493,-507.8,5.0547953,0.13116,0.00322,0.00732,19.206348,16.969643,5.0547953,0.044299997
PNC,195.59,396783008,11.83,15.01,1.6,27.58183,27.58183,51.62519,2.82,1.121,0.25107,0.017,-0.031,94,3.7894368,0.099020004,0.00467,0.0126,16.53339,12.955048,1.5701967,0.0327
RF,23.78,908864000,1.78,2.26,0.25,2.94103,2.94103,7.2134,4.61,1.182,0.26693,0.156,0.156,14,3.296642,0.10042,0.00857,0.03648,13.359551,10.566869,1.2766414,0.0423
SBAC,198.93,107523000,6.25,9.17,0.98,5.78289,13.55345,24.7478,1.71,0.672,0.25759,-0.022,2,-240.3,8.154241,0.08582,0.00833,0.01194,31.828798,21.200361,8.154241,0.0194
SBUX,93.13,1133799936,3.31,3.72,0.57,1.89637,5.37626,31.90704,4.38,0.962,0.10396,-0.032,-0.246,-347,2.9187915,0.10503,0.00696,0.02679,28.135952,24.930866,2.9187915,0.026400002
STT,98.43,293151008,6.43,9.34,0.76,-5.45112,-5.45112,42.80388,1.96,1.48,0.16847,0.201,0.808,55,2.299558,0.0855,0.00727,0.01399,15.307932,10.273684,1.2583578,0.0311
STX,89.11,211530000,3.87,9.7,0.72,0.99868,4.18853,34.34501,5.18,1.07,0.11342,0.491,0.491,-437,2.5945544,0.07903,0.01159,0.06173,23.02584,9.613394,2.5945544,0.0323
SYF,67.67,389344000,7.8,6.47,0.25,25.20136,25.20136,23.13378,3.43,1.593,0.35139,0.116,0.311,97.82,2.9251592,0.21279,0.00918,0.0301,8.67564,10.022795,1.7847346,0.015
TDG,1251.32,56230400,25.15,43.48,75,104.16518,36.36823,141.20475,2.64,1.423,0.21587,0.18,-0.2,-397,9.033412,0.098120004,0.00482,0.01572,49.754272,28.653147,9.033412,
TFC,44.1,1327520000,-4.86,3.95,0.52,2.83612,2.83612,10.92036,2.7,1.035,-0.10678001,0.061,0.239,56,4.038327,-0.09505,0.006,0.01528,11.201592,11.201592,0.99188054,0.047199998
USB,48.73,1560029952,3.24,4.33,0.5,4.43774,4.43774,15.95931,3.28,1.04,0.22023001,-0.032,0.127,133,3.0615325,0.09779,0.00496,0.01469,15.040123,11.212481,1.4611255,0.040900003
VRSN,210.68,96100000,8.79,8.65,2.75,7.57674,9.10822,16.04995,2.71,0.911,0.55686,0.038,0.131,-95,13.126522,0.4159,0.00676,0.01783,23.968145,24.391117,13.126522,
WFC,72.03,3329489920,4.81,5.49,0.4,3.70417,3.70417,23.38947,2.29,1.136,0.23228,-0.018,-0.041,167,3.079591,0.099139996,0.00517,0.01131,14.975052,13.13613,1.4634889,0.0224
WYNN,84.61,109815000,8.46,5.02,0.25,-5.71255,12.64403,64.92395,2.09,1.802,0.1337,0.013,0.013,-1258,1.303217,0.05278,0.02231,0.04453,10.001182,17.082129,1.303217,0.012
YUM,130.17,279072000,5.22,6.08,0.67,4.15126,5.81929,25.88221,3.96,1.095,0.21127,0.069,-0.075,-146,5.1556544,0.24328,0.00595,0.02206,24.936783,21.41299,5.1556544,0.0201
AMT,180.26,467288992,4.09,6.79,1.62,10.47157,11.19949,23.89892,1.95,0.842,0.09942,0.0535,0.0535,439.338,7.638851,0.17691,0.00522,0.00973,44.073345,26.310602,23.131014,0.0355
WDC,65.65,345708000,0.93,8.81,0.5,-0.431,1.0587,41.50323,4.08,1.394,0.02648,0.0556,0.0556,58,1.5818045,0.033239998,0.01527,0.06031,70.5914,7.3052726,1.9509658,
CSCO,58.77,3982759936,2.33,3.9,0.4,3.06166,3.05567,13.30133,2.81,0.89,0.17731,-0.056,-0.237,70.647,4.4183555,0.20761,0.00469,0.01427,25.223177,14.932503,5.1788864,0.0272
GEHC,81.72,456872992,3.65,4.67,0.03,3.97868,4.5702,42.81059,2.95,0.99,0.08564,0.009,0.242,126.093,1.9088738,0.21853,0.00654,0.02022,22.38904,17.542315,4.488877,0.0017
GEV,371.32,275652992,4.21,6.9,0.25,13.0345,13.0345,124.8744,2.17,1.31,0.03675,0.08,0.08,9.346,2.973548,0.021,0.0098,0.02204,88.199524,55.66057,10.760092,0.0028
KVUE,21.11,1917260032,0.55,1.22,0.205,0.79273,1.00456,8.06307,2.96,0.06,0.06883,-0.004,-0.125,82.929,2.61811,0.098809995,0.00717,0.02037,38.381817,17.382784,3.8001802,0.0387
SOLV,68.47,172756992,0.38,5.53,,10.30638,8.75797,47.55234,4.85,0.1,0.08764,0.004,-0.737,254.041,1.4398869,0.09747,0.00523,0.02438,180.18422,12.47404,3.7056885,
VLTO,101.17,247308000,3.25,3.75,0.11,3.41629,3.44914,20.76763,2.67,0.86,0.15693,0.047,0.06,143.52,4.8715243,0.5368,0.00537,0.01331,31.12923,27.028254,12.798228,0.0044
DFS,179.21,251227008,14.91,12.69,0.7,37.102,37.102,46.5157,2.24,1.402,0.27306,0.605,0.426,105.313,3.8526778,0.20263,0.00623,0.01239,12.01945,13.923192,2.6061225,0.0159
EQR,68.39,379428992,2.28,1.69,0.675,4.121,4.121,7.75067,4.46,0.913,0.3157,0.034,-0.17,76.033,9.428811,0.08361,0.0038,0.01631,29.995615,41.31777,2.394105,0.0381
RJF,159.87,204044992,9.83,11.14,0.5,10.5614,10.5614,62.61364,5.36,1.002,0.16187,0.132,0.417,45.916,2.5532775,0.19348,0.006,0.02878,16.26348,13.873666,2.956012,0.0127
A,136.43,285594988,4.43,4.43,,6.131,6.131,22.7945,1.8,0.84,0.2063,0.0077,0.0077,53,5.89,0.2453,0.00595,0.0111,30.658426,24.1469,7.52,
L,82.37,221783009,2.29,2.29,,11.547,11.547,76.476,2.9,1.1,0.084,-0.0147,-0.0147,-296,1.65,-0.4823,0.00337,0.0121,11.206803,28.403448,1.67374,
AAPL,245,15115799552,6.08,8.31,0.25,7.33312,7.82321,25.86929,3.67,1.24,0.23971,0.061,-0.341,209.059,9.47069,1.5741299,0.00291,0.01035,40.296055,29.456284,65.03849,0.0041
ABBV,180.1,1767139968,2.86,12.13,1.55,10.03825,9.34335,31.42535,2.77,0.613,0.09222999,0.038,-0.123,1174.815,5.7310414,0.56407,0.00352,0.01049,62.97203,14.79228,52.768826,0.036199998
ABNB,135.2,432876992,2.87,4.5,,7.76895,9.50616,25.04176,3.29,1.156,0.16956,0.099,-0.678,26.614,7.821743,0.20873,0.01027,0.03502,47.108013,30.779737,10.162357,
ABT,113.04,1734460032,3.29,5.16,0.55,3.69272,5.03211,23.76359,2.56,0.722,0.13992,0.049,0.146,37.589,4.756857,0.14840001,0.0029,0.00698,34.35866,21.930864,4.9267783,0.0207
ACGL,90.74,376241984,14.9,9.04,,17.65154,17.98045,44.83019,2.93,0.613,0.33859003,0.418,0.362,12.243,2.0240824,0.30441,0.00524,0.01432,6.089933,10.066406,1.5854212,
ACN,351.33,625480000,11.84,14.07,1.48,12.21777,14.59843,103.75466,2.49,1.245,0.111940004,0.026,0.236,14.127,3.4104471,0.26674998,0.00383,0.01015,29.67314,25.211006,7.7655716,0.017
ADBE,431.18,440200000,12.37,20.55,0.0065,15.03521,15.29305,47.58519,2.21,1.299,0.25588,0.106,0.233,41.788,9.061223,0.35355,0.00802,0.01339,34.85691,18.699476,13.191983,
ADI,218,496296992,3.31,7.54,0.92,5.76675,8.03754,19.54563,3.15,1.078,0.17068,-0.248,-0.546,23.07,11.15339,0.04658,0.00586,0.01498,65.86103,24.558952,3.075751,0.0165
ADM,49.63,478534016,3.53,5.07,0.5,4.48218,9.88226,185.49988,3.05,0.722,0.0293,-0.117,-0.424,52.874,0.26981112,0.1075,0.00615,0.01519,14.05949,9.742032,1.0550371,0.0379
ADP,287.13,407456992,9.22,10.87,1.54,6.40402,11.42575,47.91401,3.46,0.795,0.19715,0.071,0.125,176.65,6.0877814,0.87263,0.00409,0.01491,31.142082,26.404362,21.886576,0.0211
ADSK,292.51,215508992,5,9.18,0.015,7.57973,5.38725,26.93623,1.88,1.474,0.18208,0.119,0.262,105.214,10.916846,0.57445997,0.00656,0.01157,58.502003,31.633307,33.745964,
AEE,86.87,266928000,4.15,4.92,0.67,-7.8125,9.28715,26.44159,2.89,0.462,0.16053,0.056,-0.091,152.976,3.3602371,0.09838,0.00523,0.01327,20.93253,17.60291,1.9594002,0.030199999
AEP,90.32,532564992,4.87,5.89,0.93,-2.3024,12.04247,36.80715,3.45,0.539,0.13464,0.015,-0.016,165.878,2.5008738,0.10182,0.00512,0.01623,18.546202,15.407474,1.8067975,0.0404
AES,13.01,711027008,1.42,2.03,0.173,-11.69892,3.35993,17.27642,2.03,1.09,0.08344,-0.042,1.206,352.879,0.76578426,-0.02549,0.01825,0.04278,9.161972,6.347766,2.8117573,0.052399997
AFL,101.79,555528000,6.64,7.17,0.5,5.20676,5.32106,31.14514,4.06,0.958,0.22015,-0.404,-0.404,50.141,3.3122344,0.16038,0.00365,0.0142,15.32982,14.467993,2.2822359,0.0225
AIG,72.47,623769024,5.01,6.71,0.4,38.16938,7.64225,72.62143,2.65,1.069,-0.04876,-0.086,-0.747,22.306,1.0025975,0.085,0.00632,0.01664,14.46507,10.9749155,1.0141622,0.022
AIZ,207.66,51287400,13.73,17.92,0.8,33.39149,31.05051,229.21418,1.69,0.568,0.06307,0.07,-0.28,39.627,0.92424405,0.15215,0.00684,0.01362,15.124545,11.441587,2.0300906,0.0151
AJG,276.42,249803008,5.17,11.28,0.6,11.02489,10.1568,42.70445,3.48,0.727,0.10988,0.119,0.086,70.273,6.566041,0.10321999,0.00673,0.02938,53.466152,24.17106,4.977581,0.0086
AKAM,93.39,150227008,3.37,6.68,,4.54432,10.41475,26.40168,4.93,0.678,0.13266,0.041,-0.635,96.999,3.5437024,0.11541,0.01185,0.06258,27.712168,13.761063,2.9342089,
ALB,90.19,117540000,-17.22,1.84,0.405,-15.24218,5.13166,55.31715,6.86,1.551,-0.28798,-0.414,-0.414,35.334,1.6304166,-0.17662,0.01861,0.11226,44.24549,44.24549,1.3241814,0.0185
ALGN,218.88,74653104,6.15,10.26,,5.53586,6.68493,53.0523,3.8,1.65,0.111490004,0.018,-0.019,3.235,4.12574,0.11401,0.01066,0.03563,35.590244,21.291641,4.1484404,
ALL,185.91,264803008,15.02,19.03,0.92,11.26215,31.91429,235.76772,1.47,0.481,0.067719996,0.147,0.147,38.833,0.81202817,0.23783001,0.00566,0.00875,12.377497,9.680105,2.6099956,0.019199999
ALLE,129.12,86929296,6.44,7.79,0.48,5.56602,7.77068,42.83941,1.97,1.123,0.15359999,0.054,0.124,162.864,3.038789,0.40822,0.00953,0.01766,20.049688,16.596188,7.1443586,0.0147
AMAT,177.48,813684992,8.61,9.69,0.4,5.40212,9.41028,33.00294,2.78,1.551,0.27743,0.055,0.108,35.409,5.3777018,0.4391,0.00811,0.02054,20.613241,16.806023,7.766157,0.0086
AMCR,9.43,1445340032,0.53,0.79,0.125,0.35407,0.82126,9.37496,3.75,0.863,0.056750003,-0.026,0.257,196.619,1.0058713,0.1958,0.00865,0.04649,17.792454,11.847924,3.475857,0.0547
AMD,129.55,1622809984,1.13,5.1,,1.36884,1.30822,14.97095,1.51,1.706,0.07516,0.176,1.611,3.927,8.653428,0.03262,0.02253,0.03182,114.64602,25.233343,3.6897268,
AME,179.43,231308000,5.74,7.3,0.28,5.50576,7.86609,29.87559,2.25,1.163,0.19271,0.053,0.053,26.778,6.01058,0.14886,0.00494,0.01112,31.259583,24.480923,4.3458147,0.0062
AMGN,258.59,537532992,7.84,20.67,2.25,8.51087,13.50057,60.52466,2.55,0.599,0.13002,0.232,0.621,802.418,4.272474,0.5572,0.00607,0.02146,32.983418,12.52048,18.465439,0.0364
AMP,530.81,97014600,25.9,38.63,1.48,41.98466,86.12106,179.81829,2.45,1.334,0.15517001,0.119,-0.386,67.402,2.9798965,0.56751,0.00466,0.01228,20.494595,13.71134,9.029838,0.011
AMZN,227.61,10515000320,4.69,6.15,,5.16674,10.71859,58.97555,2.09,1.146,0.080419995,0.11,0.521,61.175,3.8593955,0.22558,0.00358,0.00792,48.53092,36.875866,9.231798,
ANET,118.98,1259760000,2.15,9.73,,1.92528,2.54313,5.24953,1.64,1.077,0.40293998,0.2,0.355,0.755,22.66489,0.33833998,0.0059,0.01082,55.339535,48.39891,4.051625,
ANSS,338.65,87450000,6.5,11.01,,8.37869,8.81062,28.2189,3.07,1.111,0.23008,0.312,1.284,14.888,12.000821,0.10479999,0.00531,0.01777,52.1,30.320963,5.0792675,
AON,348.47,216266000,11.5,17.39,0.675,14.27178,14.3157,69.01686,3.81,0.909,0.16320999,0.26,-0.296,274.699,5.128901,0.82182,0.0047,0.01983,30.301739,20.02967,12.082452,0.0076
AOS,68.9,119110000,3.8,4.07,0.34,3.38364,4.96348,32.69079,4.13,1.169,0.14413,-0.037,-0.089,7.471,2.554492,0.29544002,0.00879,0.03264,18.13158,16.991453,5.212195,0.0198
APA,23.66,369947008,7.11,2.75,0.25,2.12699,9.76897,24.20617,3.75,3.246,0.24824,0.104,0.104,105.032,0.9774368,0.6186,0.017,0.06502,3.3277073,6.8835096,1.7113924,0.0427
APD,283.24,222379008,17.19,14.17,1.77,-14.49783,16.39858,54.41431,2.08,0.826,0.31636,-0.001,1.81,79.822,5.2175603,0.2258,0.00627,0.01261,16.47702,20.048187,3.7008388,0.0249
APH,71.13,1205609984,1.77,2.16,0.165,1.37751,2.33027,11.80514,2.09,1.238,0.15403,0.262,0.171,57.565,6.025339,0.25293,0.00541,0.00971,40.18644,33.01845,9.07039,0.0094
APO,169.1,565816000,9.47,8.48,0.463,9.40412,9.40412,55.97403,6.48,1.589,0.18462,2.851,0.174,92.115,3.0210443,0.33501,0.00929,0.05376,17.856388,19.782358,5.8109965,0.0109
APTV,61.38,235036000,8.98,6.98,0.22,4.48601,8.55188,83.92332,3.92,1.817,0.122889996,-0.051,-0.743,109.665,0.731382,0.24212,0.01672,0.0636,6.83519,8.787264,1.6239384,
ARE,97.73,174762000,1.61,3.44,1.32,7.81586,9.4927,17.65517,2.24,1.176,0.09618,0.109,6.484,58.757,5.6164827,0.02132,0.0074,0.01546,60.701866,37.763336,0.924021,0.053200003
ATO,136.51,155422000,6.83,7.14,0.805,-10.05335,10.56027,26.34688,7.09,0.672,0.2509,0.059,0.148,64.648,5.1812577,0.090179995,0.00514,0.03123,19.986822,17.670715,1.7393131,0.023699999
AVB,212.78,142236992,7.11,5.54,1.7,7.22261,11.42637,20.57138,5.26,0.985,0.35606998,0.094,1.161,71.946,10.654159,0.08808,0.00434,0.02008,29.926863,38.24193,2.5431771,0.031
AVGO,236.41,4687360000,1.3,6.17,0.59,5.54345,4.09314,9.9875,3.55,1.187,0.108830005,0.164,1.881,166.032,23.670593,0.12509,0.00599,0.01416,181.85385,31.037521,3.991996,0.0117
AVY,188.04,80346400,8.46,10.52,0.88,8.34387,11.19527,108.03845,3.43,0.896,0.077649996,0.041,0.316,131.956,1.7404915,0.30241,0.00673,0.02306,22.22695,17.781912,6.318548,0.019
AWK,121.97,194894000,4.96,5.7,0.765,-5.66398,9.91821,23.16644,3.62,0.698,0.21771999,0.134,0.084,129.608,5.3426375,0.097040005,0.00575,0.02378,24.590725,21.336855,2.2940922,0.0247
AXON,570.71,76254800,3.65,6.2,,3.09988,3.91036,25.44691,2.74,0.943,0.15324001,0.317,0.062,34.832,23.620163,0.16424,0.01152,0.02939,156.3589,91.15638,20.678648,
AXP,301.88,704444992,13.58,15.12,0.7,21.35156,21.35156,84.09315,3.79,1.214,0.16698,0.08,0.058,186.815,3.589829,0.3469,0.00362,0.01239,22.22975,19.93552,7.154063,0.0092
BALL,54.02,298425984,2.4,3.53,0.2,2.52785,1.17617,46.19236,3.11,0.899,0.30424,-0.009,0.008,90.836,1.1696731,0.14048,0.00652,0.02286,22.508333,15.280995,2.425358,0.0148
BAX,29.66,510588000,0.25,2.88,0.29,0.2005,2.07995,29.49932,2.88,0.604,0.00717,0.038,-0.945,166.129,1.0054469,0.01627,0.00807,0.02569,118.64,11.953604,1.9233513,0.0231
BBY,84.77,213796000,5.92,6.84,0.94,6.60326,9.85051,198.9607,6.15,1.493,0.02962,-0.031,0.072,131.896,0.426064,0.4241,0.01416,0.06547,14.319256,12.7748,5.9806685,0.0404
BDX,230.7,290008000,5.93,15.73,1.04,15.27889,13.59962,68.37053,1.42,0.45,0.07126,0.069,2.901,77.612,3.374261,0.05633,0.00587,0.00728,38.90388,14.756271,2.578518,0.0175
BEN,20,523983008,0.83,2.6,0.32,-0.07593,1.85369,16.17991,6.11,1.402,0.054819997,0.113,0.113,25.715,1.261439,0.04321,0.00764,0.04496,24.096386,7.68805,0.8372054,0.0627
BG,77.98,139627008,7.96,9.3,0.68,7.0178,16.43665,390.33994,1.99,0.655,0.02112,-0.093,-0.368,63.434,0.19977458,0.10922,0.01343,0.02495,9.796483,8.582964,1.0742971,0.0352
BIIB,153.27,145719008,11.14,16.66,,13.93564,14.59727,65.93169,1.67,-0.061,0.16812,-0.025,-0.025,40.656,2.3246791,0.1047,0.01028,0.01768,13.758528,9.235303,1.3650938,
BKR,42.83,989526016,2.24,2.57,0.21,0.70602,3.10654,27.58897,2.55,1.363,0.082049996,0.04,0.51,36.933,1.5524323,0.14292,0.00618,0.01537,19.120537,16.725372,2.616691,0.0197
BLDR,145.65,115085000,10.23,11.65,,13.13545,18.34234,145.37992,2.39,2.081,0.07401,-0.067,-0.32,97.541,1.0018578,0.27435,0.01114,0.02252,14.237536,12.383487,3.785083,
BLK,1012.74,154879008,40.21,49.1,5.1,32.60287,27.99605,125.00725,2.17,1.311,0.31372,0.149,0.023,32.503,8.166155,0.1505,0.0042,0.0102,25.186272,20.949545,3.6388006,0.02
BMY,56.68,2028179968,-3.58,7.03,0.62,8.63736,7.39727,23.38796,2.8,0.441,-0.15301,0.084,-0.358,299.052,2.4234686,-0.3133,0.00518,0.01364,8.005209,8.005209,6.705312,0.0438
BR,225.44,116889000,5.68,9.35,0.88,9.20617,8.49267,55.59633,1.86,1.06,0.10572,-0.006,-0.105,172.353,4.123111,0.31812,0.00405,0.00788,39.690144,24.046806,11.944473,0.0154
BRO,100.92,285958016,3.64,4.09,0.15,2.65953,3.91141,15.94185,3.42,0.825,0.23066,0.099,0.311,58.92,6.330507,0.18144,0.00456,0.01444,27.725273,24.610312,4.465289,0.0059
BSX,91.29,1473830016,1.21,2.79,,1.22462,1.99209,10.79568,2.51,0.797,0.112629995,0.193,-0.063,53.722,8.456159,0.08916,0.00387,0.00836,75.44628,32.599846,6.49566,
BWA,32.08,218700000,4.11,4.66,0.11,2.83951,7.04618,64.78738,4.63,1.186,0.06331,-0.048,3.909,74.606,0.4951582,0.15923999,0.00929,0.04391,7.805353,6.9820495,1.1396903,0.014
BX,174.79,722003008,2.9,5.83,0.86,5.83923,5.83923,15.42691,5.03,1.486,0.19971001,0.541,0.396,65.956,19.033401,0.22041,0.00458,0.02154,60.27241,29.95395,19.152967,0.0196
BXP,71.99,158111008,2.21,1.87,0.98,6.50788,7.82933,21.14973,6.23,1.195,0.10857,0.037,0.037,205.408,3.9509835,0.058280002,0.00739,0.04334,32.574657,38.756393,1.9747633,0.0523
CAG,26.89,477320000,1,2.69,0.35,2.2354,3.85632,25.01844,2.6,0.332,0.041389998,-0.038,0.451,100.881,1.1051859,0.05605,0.01012,0.02729,26.89,10.419371,1.5234265,0.0512
CARR,68.71,897227008,1.7,3.04,0.225,1.49948,1.66402,27.64183,2.34,1.212,0.14003,0.213,0.167,85.607,2.4857252,0.13931,0.00487,0.01196,40.417645,22.64003,4.198338,0.012999999
CAT,364.2,482801984,21.56,22.15,1.41,14.46866,26.19086,136.00607,4.69,1.095,0.1626,-0.042,-0.072,195.336,2.6778219,0.53475,0.00427,0.01793,16.892395,16.434004,9.065114,0.0155
CB,267.31,403097984,24,23.61,0.91,32.2741,36.72308,135.69158,1.87,0.681,0.18277,0.078,0.152,31.706,2.002555,0.16125,0.00365,0.00698,11.137917,11.34541,1.6383806,0.013400001
CBOE,191.76,104686000,7.21,9.18,0.55,7.18028,15.49395,37.78538,2.87,0.666,0.19729,0.162,0.062,38.137,5.1670876,0.19518,0.00904,0.02435,26.596394,20.994041,4.769793,0.0129
CBRE,132.39,306017984,3.11,6,,2.99413,3.98996,112.1274,2.43,1.395,0.02792,0.148,0.197,73.116,1.1807104,0.11434,0.00617,0.01548,42.569134,21.717876,4.5814447,
CCI,88.54,434598016,2.77,2.68,1.565,3.00968,6.75107,15.17034,2.6,0.875,0.18626,-0.009,0.142,559.592,5.9319787,0.20527,0.00666,0.01682,31.9639,33.25621,7.2722793,0.0696
CCL,24.13,1164000000,1.43,1.72,0.5,-0.43492,5.09794,21.03007,3.02,2.668,0.063930005,0.152,0.599,352.355,1.3027084,0.20120001,0.01987,0.05751,16.874126,11.851437,3.5563743,
CDNS,308.14,274263008,3.85,6.85,,3.42726,3.97897,15.87493,2.81,1.02,0.23868,0.188,-0.065,61.911,19.41048,0.27072,0.00666,0.01636,80.03637,44.88729,18.519142,
CDW,179.29,133264000,8.17,10.12,0.62,9.26385,11.01948,156.31528,1.68,1.053,0.05327,-0.02,0.009,278.653,1.1469768,0.53360003,0.00967,0.0199,21.94492,17.63957,10.165561,0.0143
CE,66.05,109312000,10.03,9.62,0.7,5.78619,11.91086,95.86321,1.71,1.304,0.10402001,-0.028,-0.878,172.83,0.6898409,0.15095,0.02132,0.04698,6.5852447,7.239356,0.99217385,0.0423
CEG,264.28,312767008,9.49,8.95,0.353,2.50786,-14.80335,76.67689,2,0.776,0.11926,0.072,0.69,65.003,3.446671,0.22846001,0.00933,0.0163,27.848263,29.533575,6.5806775,0.0056
CF,89.76,174020000,6.4,6.18,0.5,8.78419,13.39501,34.38111,2.98,0.957,0.19455,0.076,0.82,42.006,2.6107364,0.1792,0.00961,0.02924,14.025001,15.469195,3.012586,0.0226
CHD,101.67,244998000,2.17,3.73,0.284,2.74135,4.48738,24.70673,3.76,0.55,0.09083,0.038,0.038,57.536,4.2352676,0.13338,0.00592,0.02301,46.85253,27.258394,5.9379745,0.0108
CHRW,103.52,118205000,2.87,4.76,0.62,0.99143,2.44055,150.26596,4.09,0.842,0.01956,0.07,0.176,116.88,0.6950372,0.22818,0.00978,0.04224,36.069687,21.059782,7.45338,0.023699999
CHTR,349.55,142184000,31.11,35.78,,26.75494,104.2663,385.9084,9.65,1.036,0.085200004,0.016,0.069,533.472,0.928585,0.32965,0.00818,0.07994,11.235936,9.686088,3.5253952,
CI,279.66,278152992,10.52,31.32,1.4,-10.93643,23.79266,825.9735,2.34,0.511,0.01323,0.28,-0.445,80.15,0.33984095,0.07606,0.00721,0.01657,26.583649,8.867423,1.8568735,0.02
CINF,141.75,156315008,19.41,7.33,0.81,19.44871,16.53072,77.75965,3.82,0.666,0.25257,0.833,0.833,6.331,1.8274263,0.25135002,0.0037,0.01226,7.3029366,19.287762,1.6050137,0.0228
CL,87.54,817011008,3.38,3.86,0.5,3.64729,4.86407,24.60922,2.14,0.415,0.14264,0.024,0.049,1009.091,3.663261,4.87923,0.0054,0.01137,25.899408,22.744278,164.54887,0.0222
CLX,157.59,123781000,2.79,7.29,1.22,4.30902,7.23859,60.34044,3.6,0.399,0.0478,0.271,3.704,1287.5,2.6995173,2.08451,0.00922,0.03113,56.48387,21.630013,324.92783,0.03
CMCSA,37.49,3817100032,3.71,4.38,0.31,5.5013,6.68439,32.24175,2.58,1.004,0.11924,0.065,-0.041,117.127,1.1656537,0.16884,0.00505,0.0131,10.105122,8.571808,1.6759052,0.032899998
CME,225.82,360359008,9.24,10.37,5.8,6.97371,10.31444,16.74552,1.9,0.559,0.57434,0.185,0.214,13.621,13.884428,0.12297,0.0054,0.01311,24.439396,21.673908,2.8776412,0.044699997
CMG,58.8,1362589952,1.06,1.31,,0.64504,1.35313,8.06175,3.27,1.266,0.13512999,0.13,0.231,124.061,7.4053593,0.45673,0.00656,0.02,55.4717,44.498596,22.188679,
CMI,358.04,137182000,15.43,22.52,1.82,16.00884,11.10933,249.28926,2.89,0.971,0.06132,0.003,0.277,72.251,1.4362432,0.19375,0.00449,0.01318,23.204147,16.151005,4.761677,0.020499999
CMS,65.42,298784992,3.44,3.58,0.515,-2.07507,7.93882,25.02134,3.36,0.407,0.14005,0.042,0.405,187.096,2.6621287,0.11501,0.00701,0.02527,19.01744,18.24841,2.4784057,0.0309
CNC,62.69,504864992,5.91,7.04,,1.9837,1.89754,289.59029,3.48,0.493,0.02098,0.061,0.565,64.231,0.21647826,0.11559,0.01254,0.03813,10.607445,8.560325,1.1710095,
CNP,31.05,651726976,1.47,1.74,0.2,-2.32114,3.15776,13.13894,4.5,0.917,0.11246,-0.002,-0.255,188.828,2.40811,0.09573,0.00759,0.02892,21.122448,17.781366,1.9208164,0.0278
COO,93.01,199583008,1.99,4.08,0.0075,0.74543,3.08343,19.06024,1.76,0.99,0.09445,0.078,0.209,36.711,4.8797917,0.0465,0.00656,0.01109,46.738693,20.96425,2.3366997,0.0002
COP,99.99,1293560064,8.34,8.03,0.78,5.71968,16.18015,44.00569,1.8,1.22,0.17472,-0.079,-0.241,36.695,2.2972019,0.20376,0.00512,0.01005,11.989208,11.917432,2.3071065,0.0309
COR,228.88,193280000,7.53,16.36,0.51,19.80815,18.02921,1520.89515,8.32,0.436,0.00513,0.147,-0.99,557.753,0.15070055,2.0911798,0.00643,0.05047,30.39575,14.007079,57.105793,0.0096
COST,922.71,443899008,17.16,19.68,1.16,10.06423,25.5441,573.22274,3.48,0.789,0.02895,0.01,0.088,42.118,1.6096885,0.30267,0.00423,0.01484,53.77098,46.12005,17.309034,0.0047
CPAY,342.37,69711000,14.02,22.18,,12.13699,28.8103,55.62218,3.13,1.214,0.26142,0.06,0.071,253.558,6.1552777,0.32836,0.00686,0.01966,24.420113,15.464754,7.726873,
CPB,40.5,298108992,1.77,3.41,0.39,1.9347,3.97506,32.32375,7.94,0.181,0.05884,0.109,0.109,198.683,1.2913136,0.15203,0.00797,0.05058,22.881355,12.138578,3.1809614,0.0325
CPRT,56.58,963528000,1.42,1.74,,0.76419,1.5283,4.3972,3.03,1.271,0.32171002,0.072,-0.083,1.573,12.942338,0.20129,0.00435,0.0128,39.845074,31.978207,7.2417765,
CPT,113.46,106681000,3.17,1.62,1.03,6.6961,7.6349,14.59069,2.59,0.92,0.2216,-0.005,-0.005,71.778,7.7761936,0.07229,0.00727,0.01658,35.791798,63.493664,2.769884,0.0352
CRL,189.54,51136200,8.01,10.28,,9.68538,15.56936,79.41372,3.52,1.376,0.10436,-0.016,-0.213,72.176,2.386741,0.11924,0.01305,0.04192,23.66292,18.328362,2.5624592,
CRM,330.53,957000000,6.06,11.13,0.4,13.51698,12.61651,38.10345,2.69,1.288,0.15445,0.084,0.148,21.148,8.674542,0.09734,0.00607,0.01412,54.542904,29.439533,5.380859,0.0048
CRWD,366.36,246311008,0.51,4.27,,4.90886,5.40131,14.27568,2.58,1.102,0.0484,0.317,5.333,27.398,25.663227,0.07334,0.01441,0.0338,718.3529,83.4267,38.458954,
CSGP,71.21,409960000,0.41,1.12,,-0.35197,1.08913,6.50527,4.94,0.823,0.06577,0.109,-0.409,14.763,11.106374,0.02386,0.00696,0.02866,173.68292,62.912468,3.892746,
CSX,32,1928419968,1.86,2.03,0.12,1.26483,2.7914,7.61297,3.19,1.191,0.24971001,0.013,0.122,147.913,4.248016,0.29458,0.0062,0.01767,17.204302,15.953019,4.7725577,0.0148
CTAS,185.1,403496000,4.13,4.68,1.56,3.95853,5.47606,24.17836,4.12,1.313,0.16795,0.068,0.183,70.573,7.686627,0.40462002,0.00409,0.01366,44.8184,38.902576,17.368866,0.0076
CTRA,26.24,736444992,1.65,2.33,0.21,1.35075,3.97721,7.46695,2.96,0.197,0.22549999,-0.05,-0.19,18.111,3.514151,0.095979996,0.00786,0.02355,15.90303,8.9959135,1.4817325,0.032
CTSH,75.91,495824000,4.49,4.99,0.3,3.32023,3.9147,39.15099,5.79,1.052,0.116009995,0.03,0.125,12.891,1.950909,0.16478,0.00622,0.03629,16.90646,15.275672,2.6052787,0.015700001
CTVA,56.94,687292992,0.96,3.21,0.17,3.51342,3.41194,24.20656,3.55,0.773,0.04177,-0.102,-0.102,22.883,2.3522549,0.02704,0.00475,0.01872,59.3125,17.748602,1.5863374,0.012200001
CVS,45.82,1258409984,3.95,6.48,0.665,1.55563,3.66415,291.83334,1.62,0.543,0.013660001,0.06,-0.961,110.116,0.15700743,0.06697,0.01076,0.01512,11.599999,6.770905,0.7691274,0.0581
CVX,147.26,1782919936,9.09,11.04,1.63,7.77447,19.76028,107.51408,8.13,1.078,0.087019995,-0.064,-0.287,16.456,1.369681,0.103520006,0.0043,0.0358,16.200218,12.875866,1.694221,0.044099998
CZR,33.39,212480000,-1.73,1.34,,-1.0248,5.99586,53.04499,4.41,2.962,-0.03203,-0.04,-0.04,599.43,0.62946564,-0.063769996,0.01817,0.07532,26.868048,26.868048,1.6942358,
D,53.66,840009984,2.66,3.38,0.668,3.17571,6.86063,17.37241,3.66,0.596,0.16946,0.034,5.846,156.351,3.1503968,0.085030004,0.0053,0.02142,20.172932,15.864615,1.7215271,0.048800003
DAL,60.04,645281024,7.34,7.02,0.15,0.01414,10.34588,93.45851,4.94,1.341,0.07712,0.012,0.145,186.78,0.6424241,0.4067,0.01235,0.05595,8.179836,8.133055,2.820766,0.010199999
DAY,73.74,157700000,0.34,2.21,,0.85265,1.83893,10.74509,7.14,1.271,0.03122,0.166,0.166,48.404,6.8626723,0.02194,0.00953,0.0689,216.88234,33.143806,4.552414,
DD,75.26,417955008,1.29,4.39,0.38,6.39483,4.39521,29.1706,2.16,1.338,0.06553,0.044,0.548,31.03,2.5799947,0.02187,0.00458,0.01003,58.341087,17.109291,1.2989748,0.020299999
DE,418,271575008,25.37,22.17,1.62,11.04667,36.20362,206.03885,6.18,0.935,0.14698,-0.168,-0.383,288.043,2.049227,0.35481,0.00431,0.01978,16.476152,18.380405,4.959011,0.014500001
DECK,208.47,151922000,5.66,6.36,,4.62428,6.14629,30.65213,1.76,1.053,0.18799,0.201,0.395,11.633,6.80116,0.4357,0.01258,0.02038,36.832157,32.83768,14.253384,
DG,75.85,219926000,6.16,6.22,0.59,5.78577,15.08601,180.41058,1.73,0.449,0.03568,0.042,-0.202,250.873,0.4204299,0.20882,0.01875,0.03279,12.313312,12.705639,2.4686737,0.0297
DGX,152.27,111615000,7.46,9.76,0.75,7.64458,12.51624,85.46343,2.13,0.891,0.08816,0.084,0.015,100.708,1.7816979,0.13224,0.00737,0.01711,20.41153,15.651131,2.504647,0.0197
DHI,139.36,320828992,14.28,15.93,0.3,16.52243,6.82544,114.70722,3.1,1.744,0.12925,-0.048,-0.118,22.915,1.2195392,0.19631,0.00863,0.02403,9.759104,8.722708,1.783945,0.0114
DHR,238.2,722275008,5.38,8.38,0.27,7.15759,8.70583,32.87113,1.82,0.881,0.16393,0.031,-0.26,36.69,7.2464795,0.07586,0.00408,0.00794,44.275093,28.527287,3.3534184,0.0046
DIS,111.05,1810940032,2.72,5.15,0.5,4.56876,7.3194,49.71341,2.29,1.398,0.053049996,0.037,0.037,45.188,2.233804,0.0546,0.00513,0.00968,40.827206,18.312695,2.004187,0.0082
DLR,179.6,331712992,1.22,1.21,1.22,5.68598,5.89156,16.20333,3.43,0.609,0.08209,0.016,-0.96,79.825,11.432493,0.01956,0.00584,0.02108,147.21312,167.85046,2.9008918,0.0269
DLTR,76.61,215039008,-4.91,6.06,,1.7316,12.85023,144.00318,2.43,0.874,-0.0344,0.007,-0.323,146.319,0.53200215,-0.12983,0.01901,0.05685,12.626018,12.626018,2.2827091,
DOC,20.02,699443008,0.49,0.25,0.3,0.53572,1.45575,3.6545,2.32,1.117,0.12109999,0.259,0.046,96.594,5.4781814,0.04085,0.00703,0.01606,40.857143,54.10811,1.6352202,0.0588
DOV,188.03,137192000,11.02,9.41,0.515,6.18008,9.28077,61.77119,2.16,1.218,0.18378,0.013,0.219,59.444,3.0439756,0.2911,0.00583,0.00966,17.062613,20.018396,4.527243,0.011
DOW,39.75,700092032,1.5,3.11,0.7,1.07022,5.36501,61.6776,2.14,1.222,0.02464,0.014,-0.286,95.059,0.6444803,0.05863,0.01001,0.02297,26.5,12.395071,1.5197859,0.071100004
DRI,183.96,117147000,8.57,10.56,1.4,6.12542,13.79463,97.45363,5.78,1.309,0.091120005,0.01,0.087,326.282,1.9262432,0.48619,0.01073,0.05697,21.46558,17.25629,9.750875,0.035
DTE,119.67,207100992,7.26,7.21,1.09,-7.34485,16.43643,59.9466,2.02,0.683,0.12332,0.006,0.425,213.847,2.028134,0.13638,0.00637,0.01405,16.48347,16.608192,2.137995,0.0359
DUK,106.37,772481984,5.5,6.34,1.045,-3.1046,14.91297,38.51352,2.95,0.457,0.14534001,0.02,0.01,169.205,2.7984989,0.088369995,0.00432,0.01177,19.34,16.773052,1.705112,0.0388
DVA,151.53,82024000,9.2,11.27,,13.59157,23.89076,154.4257,5.72,0.887,0.06534,0.046,-0.046,549.552,0.9896024,0.44884,0.0095,0.0493,16.470652,13.305399,32.378204,
DVN,33.75,656899968,5.37,4.46,0.22,-2.39648,10.15832,22.11752,2.97,2.071,0.23429,-0.102,-0.085,64.021,1.5340767,0.26279,0.01452,0.0394,6.2849164,7.2231293,1.5554429,0.0427
DXCM,79.88,390595008,1.63,2.03,,0.90433,2.10371,10.12302,2.62,1.173,0.17218,0.02,0.157,130.935,8.008486,0.32061002,0.01012,0.02389,49.006134,39.442432,15.764752,
EA,145.25,262272992,3.88,8.53,0.19,6.89501,8.38058,28.24919,3.74,0.781,0.14118,0.058,-0.245,29.954,5.1785574,0.13962,0.00705,0.02734,37.435566,17.093807,5.1596746,0.0052
EBAY,62.94,479000000,3.97,5.22,0.27,3.17667,3.881,21.43215,5.28,1.337,0.19677,0.03,-0.477,145,2.9367094,0.35851002,0.00897,0.04365,15.853904,12.0664625,5.597154,0.0175
ECL,231.38,283161984,7.1,7.5,0.65,7.34522,10.24043,55.3556,1.79,1.141,0.13045,0.178,0.178,103.915,4.1898193,0.25164,0.00363,0.00681,32.588734,30.891527,9.863586,0.0112
ED,88.37,346457984,5.27,5.62,0.83,-4.64991,9.46435,43.38477,6.32,0.353,0.12267999,0.057,0.112,120.07,2.056944,0.08582,0.00624,0.0401,16.768501,15.70157,1.3962932,0.0372
EFX,248.76,123952000,4.43,9.41,0.39,6.06475,10.6638,45.08358,2.13,1.594,0.100659996,0.093,-0.137,108.422,5.620448,0.11927,0.00793,0.01788,56.1535,27.576298,6.2784886,0.0062
EG,361.67,42978600,63.47,66.47,2,81.30645,120.85084,382.43453,1.37,0.629,0.16853,0.128,-0.245,22.087,0.95477664,0.20858,0.01006,0.01348,5.6982827,5.4323683,1.0141381,0.0219
EIX,78.44,387150016,3.37,5.7,0.78,-4.33036,12.13741,44.73977,2.64,0.935,0.07632,0.106,2.3,202.126,1.7836506,0.07411,0.00543,0.01485,23.275967,13.766307,2.166372,0.041500002
EL,73.57,233436000,0.57,2.7,0.66,8.49751,8.98747,66.18945,1.66,1.044,0.01314,-0.045,-0.045,196.892,1.676516,0.03857,0.01978,0.03434,129.07018,26.844486,5.1948876,0.0194
ELV,379.65,231923008,28.06,34.95,1.63,-4.79577,9.18839,750.31368,1.82,0.853,0.03688,0.054,-0.2,61.87,0.50598836,0.15504,0.00845,0.01486,13.529936,10.776308,2.0114653,0.0175
EMN,88.65,115913000,7.46,8.7,0.83,4.40417,10.34397,80.61218,3.07,1.459,0.09471,0.087,0.027,90.817,1.0999564,0.15925,0.00904,0.02986,11.883378,10.169364,1.8165984,0.0374
EMR,122.09,569531008,2.78,6.32,0.525,5.42332,5.85043,30.71299,4.32,1.292,0.11251,0.129,0.342,30.376,4.019149,0.05933,0.00495,0.02152,43.917267,18.745153,3.2175517,0.0171
ENPH,71.38,135107008,0.46,3.66,,2.07364,2.82629,9.2537,4.39,1.767,0.04912,-0.309,-0.587,143.041,7.7968535,0.06312,0.03466,0.14257,155.1739,18.525679,10.352429,
EOG,126.39,562449984,12.37,11.06,0.91,7.89626,22.19575,42.42866,4.52,1.289,0.2992,-0.039,-0.152,13.911,2.9831247,0.24908,0.00511,0.02355,10.217462,11.428959,2.4134507,0.0308
EPAM,230.99,56721400,7.71,11.19,,11.09921,10.58292,81.74774,0.73,1.457,0.09679,0.013,0.436,4.654,2.825644,0.13094,0.01117,0.00994,29.959793,20.403404,3.6856382,
EQIX,940,96488200,10.9,13.38,4.26,30.53486,33.85487,87.07273,3.29,0.701,0.12571,0.189,0.058,140.964,11.024915,0.08267,0.00505,0.01791,86.23853,72.56194,6.6749034,0.0178
EQT,47.64,596684032,0.76,2.52,0.158,0.57528,4.51677,7.7479,2.4,1.069,0.06797,0.195,0.195,67.324,6.1487627,0.018229999,0.01191,0.0324,62.68421,16.99256,1.3969445,0.013400001
ERIE,405.2,46189100,10.7,13.4,1.275,7.56194,12.25889,79.86066,6.76,0.454,0.1516,0.164,0.22,0.406,5.744006,0.31418,0.00315,0.02207,37.86916,28.335665,10.876977,0.013200001
ES,56.23,366401984,-1.58,4.78,0.715,-7.76011,5.44379,31.72352,2.48,0.622,-0.047259998,0.097,0.097,187.768,1.8065492,-0.03491,0.00569,0.01316,11.742693,11.742693,1.3600851,0.0499
ESS,272.79,64267500,8.21,6.02,2.45,11.36431,16.39483,27.2679,3.26,0.897,0.31354,0.076,0.353,113.371,10.802667,0.10176,0.00532,0.01439,33.226555,44.68356,3.2263749,0.0345
ETN,348.56,395200000,9.55,12.05,0.94,6.44547,10.19231,62.25961,2.8,1.01,0.15314001,0.079,0.14,52.594,5.5984926,0.20079,0.00461,0.01232,36.49843,28.868404,7.2056723,0.011
ETR,75.26,428816000,4.04,7.74,0.6,-3.6895,9.72949,27.66257,1.48,0.701,0.1481,-0.057,-0.048,188.807,2.7719777,0.11951,0.00799,0.01158,18.628714,19.411467,1.0734102,0.0313
EVRG,60.27,229976000,3.7,4.04,0.643,-3.75958,8.76874,25.12349,5.02,0.608,0.14769,0.085,0.322,137.464,2.39895,0.08733,0.00781,0.03939,16.289188,14.917651,1.3825614,0.0434
EW,73.54,589800000,2.59,2.45,,3.03889,1.36724,10.70685,1.55,1.12,0.65859,0.089,7.161,7.353,6.8685,0.19139,0.00866,0.01238,28.393824,29.86105,4.543994,
EXC,37.8,1004830016,2.42,2.63,0.38,-2.14029,5.5273,22.81381,2.68,0.61,0.106000006,0.029,0.029,173.221,1.6678566,0.0933,0.00621,0.01585,15.619834,14.366506,1.4267381,0.0399
EXPD,111.11,139976000,5.12,5.38,0.73,3.24388,4.51505,70.89485,4.62,0.974,0.073860005,0.37,0.405,23.009,1.5696467,0.30290002,0.00778,0.03355,21.701172,20.517488,6.599157,0.013099999
EXPE,184.99,122823000,7.64,14.36,0.34,13.57136,21.56762,109.05124,4.3,1.785,0.07966,0.033,0.756,255.417,1.7831908,0.38564998,0.01187,0.03946,24.213352,13.080691,18.028458,
EXR,148.56,211984000,3.68,4.78,1.62,4.9247,8.69719,15.62029,4.55,0.886,0.24412,0.12,-0.051,81.828,10.060712,0.05568,0.00442,0.01808,40.369564,32.326008,2.2477417,0.0429
F,9.92,3903439872,0.88,1.75,0.15,0.51038,3.81382,46.81589,2.09,1.636,0.01931,0.055,-0.265,359.359,0.21486972,0.0799,0.01426,0.02839,11.272727,5.514083,0.8896861,0.060700003
FANG,169.64,291988992,17.34,14.64,2.34,-19.02597,19.50758,31.36077,2.75,1.875,0.35208,0.087,-0.371,33.574,5.4093056,0.122650005,0.00767,0.01869,9.78316,10.999093,1.3268051,0.048499998
FAST,71.97,572886016,2.02,2.19,0.39,1.43534,2.17233,13.05687,4.74,0.979,0.15439999,0.035,0.005,14.644,5.5120397,0.32698002,0.00493,0.01974,35.628716,32.91758,11.462017,0.0218
FCX,38.57,1436930048,1.38,2.16,0.15,0.89731,4.90212,17.8436,2.17,1.91,0.07812,0.166,0.161,33.531,2.1615598,0.16870001,0.00745,0.01711,27.949276,18.408129,3.1583688,0.0159
FDS,466.03,37988800,13.97,18.68,1.04,14.61646,18.43538,57.99225,8.95,0.752,0.24381,0.049,0.382,82.338,8.036073,0.30411,0.00668,0.06158,33.35934,25.063906,9.248279,0.0088
FE,39.27,576316992,1.52,2.89,0.425,-2.76909,4.86711,23.00297,4.43,0.495,0.06729,0.069,0.049,173.13,1.7354279,0.083050005,0.00468,0.01871,25.835527,13.6128235,1.8211752,0.042600002
FFIV,259.7,58614900,9.74,15.4,,13.41814,13.51907,48.04444,2.84,1.05,0.20126,0.056,0.102,6.895,5.4054127,0.19117,0.00963,0.02529,26.663246,16.865719,4.8211336,
FI,205.63,568918976,5.1,10.19,,7.88008,10.55511,35.36883,2.66,0.919,0.15222,0.07,-0.372,89.406,5.896999,0.10618,0.00482,0.01406,40.31961,20.158401,4.223596,
FIS,79.04,538353984,0.96,5.71,0.36,7.34252,5.40908,18.63272,3.72,1.074,0.14146,0.031,0.031,66.387,4.3074794,0.03034,0.00585,0.02313,82.333336,13.841001,2.5902865,0.0179
FMC,49.67,124836000,12.48,4.66,0.58,4.80781,4.52113,33.387,4.93,0.853,0.34931,0.085,0.085,90.927,1.4877045,0.38454,0.01039,0.05054,3.9799678,10.712799,1.3456693,0.0478
FOX,47.07,235580992,4.09,2.35,0.27,5.40048,8.47691,60.85805,2.26,0.77,0.13399,0.111,1.171,70.271,1.5399246,0.17711,0.00445,0.01306,11.508557,20.029787,1.9111617,0.0116
FOXA,49.63,221155008,4.09,3.73,0.27,5.75275,9.02987,64.82784,6.64,0.77,0.13399,0.111,1.171,70.271,1.53808,0.17711,0.01531,0.11549,12.134474,13.067336,2.0151043,0.0109
FRT,106.54,84964096,3.35,3.07,1.1,4.28909,6.68027,13.9473,3.86,1.258,0.24791001,0.058,0.037,135.474,7.918441,0.09324,0.00716,0.02914,31.802986,33.790684,3.0663407,0.0401
FSLR,191.27,107058000,11.92,20.86,,-4.38714,9.04287,35.96939,3.31,1.481,0.32412997,0.108,0.164,9.141,5.317577,0.17964001,0.02587,0.0757,16.04614,9.06544,2.6966023,
FTNT,97.94,766452992,2,2.41,,2.15069,2.57315,7.45095,3.2,0.995,0.26790002,0.13,0.707,118.588,13.14464,3.1152499,0.00589,0.01993,48.97,40.43732,82.5801,
FTV,76.52,346948992,2.52,4.17,0.08,3.20288,4.24097,17.85623,1.46,1.174,0.14355,0.027,0.033,38.261,4.2853394,0.08615,0.00745,0.01011,30.365078,18.384243,2.514954,0.0042
GD,257.99,274968992,12.85,16.08,1.42,7.82134,11.43765,167.45888,2.22,0.614,0.07903,0.104,0.102,48.609,1.5727439,0.16952999,0.00499,0.01273,20.077042,16.145494,3.0829806,0.0216
GDDY,199.34,140391008,12.46,6.71,,6.55419,8.86738,31.91729,2.27,1.114,0.41335,0.073,0.483,1107.373,6.245518,0.07535,0.00844,0.02307,15.998395,24.436108,78.418564,
GE,172.45,1082290048,5.09,5.24,0.28,4.36979,6.04551,64.63425,2.47,1.188,0.08926,0.058,6.064,110.224,2.66809,0.22552,0.00434,0.01096,33.880154,32.726498,9.888756,0.0065
GEN,27.43,616296000,0.99,2.45,0.125,2.07287,3.46424,6.26809,3.73,1.054,0.16153,0.031,0.132,409.342,4.3761325,0.2766,0.00538,0.01881,27.707071,11.192995,8.053435,0.0182
GILD,91.23,1246269952,0.09,7.43,0.77,7.28444,8.0416,22.70696,3.07,0.192,0.00445,0.07,-0.422,126.415,4.017711,0.00561,0.00513,0.01763,1013.6667,12.051312,6.1529646,0.0337
GIS,61.5,551230976,4.43,4.7,0.6,3.98474,6.43777,35.9207,5.31,0.107,0.12136,-0.012,-0.096,139.823,1.7783614,0.24168,0.00702,0.03843,13.882619,13.432728,3.6591897,0.0364
GL,111.2,83945104,11.8,13.55,0.24,15.02182,17.35551,68.22891,3.43,0.807,0.19037001,0.052,0.284,67.544,1.6298076,0.23546,0.00799,0.02613,9.423728,8.198172,2.020312,0.0086
GLW,48.34,856209024,0.19,2.31,0.28,1.30094,2.36975,14.72888,2.6,1.029,0.01237,0.069,0.069,72.739,3.2819877,0.019299999,0.00518,0.01248,254.42105,20.92233,3.5439882,0.023599999
GM,53.53,1099600000,9.37,10.57,0.12,-2.1252,17.8665,166.16861,2.89,1.414,0.06058,0.105,0.218,174.581,0.32214266,0.14167,0.01091,0.03339,5.7129135,5.0723085,0.8301026,0.0093
GNRC,160.06,59497300,4.8,8.21,5,9.15033,12.0811,69.32588,3.82,1.367,0.07169,0.096,0.948,65.432,2.3088057,0.123780005,0.01368,0.04463,33.345833,19.235529,3.9523914,
GOOG,197.96,5534000128,7.53,8.95,0.2,7.42763,18.99187,61.4129,2.48,1.034,0.27738002,0.151,0.366,9.324,7.103014,0.32101002,0.0034,0.00904,26.289509,22.009104,7.7288876,0.0041
GOOGL,196.87,5842999808,7.54,8.96,0.2,7.03483,17.98751,58.16516,2.36,1.034,0.27738002,0.151,0.366,9.324,7.113257,0.32101002,0.0047,0.01214,26.110079,21.887917,7.686331,0.0042
GPC,117.37,139036000,7.79,8.47,1,3.49204,10.42456,167.59889,2.86,0.933,0.046690002,0.025,-0.349,127.177,0.70030296,0.24416,0.01006,0.02373,15.066752,13.6442,3.475673,0.0342
GPN,113.03,254495008,5.32,12.8,0.25,13.03275,13.89696,39.38906,3.78,0.979,0.13612,0.051,-0.109,74.476,2.8695784,0.06064,0.00786,0.0279,21.24624,8.817367,1.2605529,0.0089
GRMN,207.83,192024992,7.87,7.46,0.75,5.04709,7.36634,31.02119,3.67,0.983,0.2548,0.241,0.545,1.908,6.6996145,0.21909,0.00468,0.01573,26.407879,27.154896,5.319563,0.014500001
GS,583.39,313910016,34.11,41.56,3,-281.40548,-281.40548,157.32853,2.36,1.342,0.24648,0.042,0.536,609.793,3.7081006,0.1017,0.00656,0.01387,17.103195,13.472411,1.78074,0.0207
GWW,1054.01,48700200,36.89,42.11,2.05,31.75038,46.96079,347.67824,7.23,1.151,0.10802,0.043,0.047,83.325,3.0315673,0.52611,0.00476,0.03242,28.571701,25.012068,14.655516,0.0078
HAL,27.66,878502016,2.86,3.25,0.17,2.10059,4.34717,26.26403,2.67,1.905,0.11038999,-0.018,-0.18,83.993,1.0539129,0.26293,0.01026,0.02689,9.671329,8.9446535,2.3586595,0.024600001
HAS,56.89,139500992,-4.65,4.43,0.7,8.92055,7.01285,30.98759,2.82,0.619,-0.14833,-0.148,-0.148,305.016,1.835896,-0.36224997,0.01113,0.03156,12.86487,12.86487,6.1649327,0.0493
HCA,296.92,253296992,22.3,24.55,0.66,16.3711,41.9626,274.85916,3.29,1.689,0.085159995,0.079,0.248,5711.069,1.0802624,11.954511,0.00571,0.01885,13.314799,12.06154,1.0802624,0.0089
HD,389.37,993363008,14.71,15.6,2.25,12.02305,20.00477,155.62891,3.52,1.011,0.0945,0.066,-0.037,1095.368,2.501913,4.04933,0.00327,0.01154,26.469748,24.73497,66.68436,0.0231
HES,135.92,308118016,8.55,7.6,0.5,2.05238,18.27871,40.44879,3.34,1.16,0.21183,0.133,-0.012,81.969,3.3719242,0.2885,0.00504,0.01682,15.897076,17.16244,3.8574185,0.0147
HIG,108.65,289891008,9.89,11.61,0.47,14.54297,19.53148,89.97864,2.44,0.936,0.11612,0.095,0.225,25.629,1.2169559,0.19740999,0.00538,0.013,10.985844,9.347556,1.8950031,0.019
HII,186.7,39129300,17.57,15.68,1.3,3.0412,14.41375,299.21313,1.62,0.548,0.05987,-0.024,-0.309,67.095,0.62858325,0.17666,0.01413,0.02374,10.626067,11.934845,1.7381346,0.0287
HOLX,73.77,226940992,3.35,4.72,,3.33991,5.18593,17.57109,3.55,0.986,0.17592,0.045,1.116,49.407,4.1983743,0.13846,0.00829,0.0271,22.020895,15.640204,3.3617387,
HON,221.74,650246976,8.65,11.01,1.08,5.86027,10.41297,58.20865,2.39,1.025,0.15015,0.056,-0.048,177.821,3.8093994,0.31865,0.00672,0.01354,25.634684,20.119955,8.2837715,0.02
HPE,22.85,1315330048,2.02,2.1,0.13,1.45458,3.91841,22.0629,3,1.206,0.06392,0.101,0.086,53.696,1.0356752,0.086660005,0.00985,0.02558,11.311881,10.003459,1.3438015,0.024
HRL,30.68,549012992,1.44,1.69,0.283,1.2791,2.14423,21.82241,4.29,0.254,0.065170005,-0.022,0.075,36.305,1.4370537,0.10005,0.00419,0.017,21.305555,16.955149,2.138426,0.0365
HSIC,71.76,124681000,2.53,5.2,,4.3511,4.90853,100.24784,3.57,0.867,0.025120001,0.004,-0.257,60.189,0.715826,0.06334,0.01223,0.05486,28.363638,13.81823,2.5638645,
HST,17.28,699028992,1.02,0.97,0.3,1.66141,2.10864,7.99681,5.09,1.344,0.12898,0.092,-0.252,81.953,2.2117784,0.105229996,0.0099,0.05088,16.941177,18.746136,1.7996252,0.0458
HSY,166.74,147740992,8.59,8.4,1.37,6.97915,15.89026,74.26398,2.4,0.374,0.16166,-0.014,-0.127,134.227,3.1174407,0.43405998,0.014,0.05043,19.410944,20.805025,8.023676,0.0324
HUBB,440.55,53670500,14.19,17.72,1.32,10.56749,16.84911,105.08566,6.06,0.899,0.1333,0.049,0.095,64.783,4.192294,0.25344,0.00723,0.04292,31.046513,24.77011,7.354512,0.012300001
HUM,264.29,120411000,11.55,16.84,0.885,-88.27267,-30.2298,955.14532,2.91,0.52,0.011820001,0.113,-0.407,75.908,0.27670136,0.078379996,0.01721,0.03697,22.882252,15.23772,1.8117567,0.0135
HWM,112.47,406260992,2.6,3.17,0.08,1.73841,3.14084,17.8949,3.46,1.293,0.14814,0.107,0.8,78.925,6.301228,0.25719,0.00556,0.02086,43.257694,35.157864,10.294737,0.0028
IBM,222.67,924644992,6.86,10.61,1.67,11.26067,14.68456,67.68003,5.54,0.71,0.10222,0.015,0.015,245.112,3.29004,0.26729,0.00448,0.02502,32.459183,20.719713,8.421709,0.03
ICE,146.58,574177024,4.12,6.74,0.45,4.88743,7.09189,15.94804,2.21,1.092,0.26525998,0.173,0.188,78.899,9.395494,0.09408,0.00514,0.01118,35.57767,21.776886,3.0895371,0.012
IDXX,429.16,81884704,10.69,11.96,,9.67264,11.19656,46.95403,2.21,1.357,0.22530001,0.066,0.107,61.696,9.140003,0.59424,0.00783,0.01708,40.14593,36.094135,21.759367,
IEX,209.32,75723296,6.46,8.52,0.69,6.41744,9.19796,42.19045,2.35,0.952,0.1535,0.006,-0.429,55.059,4.9613123,0.13592,0.00705,0.01797,32.402477,24.42793,4.160191,0.013300001
IFF,82.11,255682000,-9.08,4.61,0.4,-3.3968,5.26435,44.64921,3.38,1.238,-0.20331,0.037,1.346,66.117,1.8390023,-0.1453,0.00555,0.01957,17.497501,17.497501,1.4210062,0.0194
INCY,71.91,192650000,0.09,6.14,,2.50441,0.52867,21.15681,2.55,0.71,0.00797,0.238,-0.289,1.151,3.3989055,0.00802,0.01018,0.03045,799,11.873665,4.37196,
INTC,19.87,4312999936,-3.61,0.97,0.125,-2.17357,2.25991,12.57756,1.37,1.026,-0.29423,-0.062,-0.062,47.906,1.6346571,-0.15597,0.01586,0.02439,20.328405,20.328405,0.8602104,0.0224
INVH,31.19,612606016,0.72,0.74,0.29,1.53955,1.69202,4.16999,3.62,1.014,0.17238002,0.058,-0.286,90.848,7.4796286,0.04369,0.00535,0.01684,43.319443,42.331703,1.9268548,0.0363
IP,53.5,347408000,1.18,3,0.463,2.74317,5.10351,53.65449,12.3,0.988,0.02253,0.016,-0.111,69.707,0.9971206,0.04797,0.01255,0.13992,45.338985,17.928654,2.1538708,0.035
IPG,27.99,372515008,2.11,2.75,0.33,1.53803,2.90431,25.06986,3.05,1.09,0.086540006,-0.029,-0.921,111.806,1.1220635,0.21792999,0.01487,0.06075,13.265404,10.15407,2.7984402,0.0469
IQV,199.28,181500000,7.69,12.07,,11.01033,14.20386,84.38017,1.44,1.513,0.09174,0.043,-0.049,200.258,2.3616922,0.22001,0.00848,0.01551,25.914173,16.698284,5.1943173,
IR,91.27,403012000,2.05,3.54,0.02,2.4721,3.60262,17.76076,5.25,1.422,0.11715999,0.07,0.059,47.256,5.138856,0.08479,0.00498,0.02272,44.52195,25.844833,3.585543,0.0009
IT,491.72,77134304,13.72,13.19,1.195,11.23739,17.81175,79.5808,2.94,1.322,0.1733,0.054,1.354,282.147,6.178877,1.30419,0.00467,0.01603,35.83965,37.2866,35.795296,
ITW,250.36,295300000,11.47,10.7,1.5,8.66915,10.85676,54.00948,6.99,1.109,0.21663,-0.016,0.533,246.05,4.6712103,1.08036,0.00283,0.01909,21.827375,23.272503,21.802666,0.0238
IVZ,17.4,449440000,-0.89,1.89,0.205,-17.0201,3.53195,13.09941,3.44,1.424,-0.030030001,0.051,-0.586,5.597,1.3550212,-0.00944,0.0076,0.02417,9.202016,9.202016,0.72788113,0.0462
J,132.87,124017000,4.76,6.65,0.29,9.25784,8.68836,136.6636,1.7,0.702,0.03717,0.011,-0.092,47.856,0.97904605,0.093260005,0.00616,0.01118,27.913862,19.389465,2.4951174,0.0083
JBHT,176.4,100830000,5.52,7.18,0.43,4.59759,13.69162,121.43763,3.68,1.141,0.046469998,-0.03,-0.172,47.555,1.4525975,0.14192,0.0085,0.02766,31.95652,24.659084,4.4463487,0.0098
JBL,152.02,111693000,10.58,10.01,0.08,19.59165,15.36354,258.59274,2.29,1.245,0.048060004,-0.177,0.016,207.887,0.58787423,0.60295,0.01142,0.02472,14.368621,15.018905,9.954817,0.0022
JCI,79.27,662185024,2.06,4.19,0.37,2.66127,3.1683,34.66101,2.7,1.306,0.07429,-0.095,0.18,54.68,2.3057613,0.0805,0.00508,0.01368,38.480583,19.268866,3.2760258,0.0185
JKHY,169.63,72959296,5.34,6.32,0.55,3.43158,7.23414,30.77274,3.24,0.636,0.17785999,0.052,0.173,10.28,5.6446123,0.22278,0.00775,0.03137,31.765917,26.969318,6.429032,0.0127
JNJ,143.66,2407620096,6.06,10.6,1.24,8.27477,10.44434,36.42435,2.09,0.518,0.16744,0.052,-0.891,50.958,3.944065,0.20889,0.00306,0.0073,23.706272,13.504419,4.929317,0.0344
JNPR,37.98,331088992,0.76,1.98,0.22,1.52217,1.56272,15.20528,2.41,0.921,0.0497,-0.048,0.175,39.109,2.497817,0.055760004,0.01111,0.03431,49.973682,18.836857,2.7068634,0.0232
K,81.22,344697984,2.99,1.2,0.57,1.38672,4.46188,37.13105,2.86,0.395,0.07852,-0.007,0.348,173.603,2.1873875,0.26036,0.00547,0.01547,27.16388,20.70497,7.670224,0.028099999
KDP,31.08,1356450048,1.63,2.05,0.23,0.62829,1.22894,11.16739,1.8,0.634,0.15038,0.023,0.216,67.319,2.8243036,0.09052,0.00819,0.01302,19.067484,15.2155285,1.6883962,0.0292
KEYS,165.25,173172992,3.54,6.97,,4.33526,6.18457,28.89019,3.42,0.981,0.18249,-0.119,0.379,38.929,5.719936,0.18031,0.00689,0.01794,46.68079,20.472153,5.482565,
KHC,30.05,1209170048,1.11,3.07,0.4,2.07942,3.43376,21.60986,3.31,0.475,0.05243,-0.028,-0.028,41.451,1.3905686,0.027999999,0.00762,0.03096,27.072071,9.785213,0.7517386,0.0523
KIM,22.34,674081024,0.52,0.7,0.25,1.24098,1.41864,2.91244,4.22,1.485,0.1958,0.138,0.054,78.638,7.95554,0.03829,0.00569,0.02408,42.96154,30.146822,1.4310422,0.0432
KKR,150.74,888228992,3.2,6.07,0.175,8.85882,8.85882,31.31661,3.33,1.606,0.107530005,0.238,-0.61,83.045,5.043548,0.08284,0.00351,0.01301,47.10625,24.685455,5.554573,0.0046
KLAC,690.3,133760000,22.99,32.82,1.45,16.96066,25.56873,76.68087,2.67,1.29,0.28921,0.185,0.296,191.76,9.002245,0.90577006,0.00857,0.0242,30.026098,20.896929,25.950151,0.010299999
KMB,126.12,333484992,7.5,7.63,1.22,7.47972,10.89104,60.27258,1.98,0.412,0.1297,-0.035,0.555,517.798,2.1528873,2.30998,0.00635,0.01273,16.816,16.535297,32.732937,0.0376
KMI,27.83,2221639936,1.11,1.26,0.288,-0.22191,2.90191,6.81974,3.59,0.907,0.16765,-0.053,0.181,101.433,4.145313,0.083500005,0.00608,0.02021,25.072071,22.041992,2.033465,0.040700004
KMX,79.75,153908000,2.93,3.77,,5.81477,6.63481,179.84163,8.82,1.686,0.01508,-0.002,0.135,314.637,0.4452263,0.06853,0.01206,0.09778,27.21843,20.630585,2.0694935,
KO,60.81,4307800064,2.41,2.97,0.485,3.2543,1.28233,10.76327,1.8,0.62,0.2245,-0.008,-0.07,167.358,5.649772,0.3723,0.00373,0.00807,25.232365,20.452848,9.882984,0.031400003
KR,60.62,723606016,3.73,4.58,0.32,2.78708,8.13702,207.57429,2.54,0.471,0.018609999,-0.006,-0.882,229.201,0.2960868,0.24285999,0.00662,0.01143,16.25201,12.820269,4.9132757,0.0214
LDOS,148.24,133433000,8.78,10.45,0.4,8.58109,10.46967,121.98632,1.73,0.688,0.07366,0.069,0.069,110.135,1.2152183,0.27035,0.00952,0.02371,16.883827,14.002224,4.283898,0.0109
LEN,135.06,238807008,14.22,16.14,0.5,19.48702,16.8256,152.68709,3.02,1.619,0.11512,0.079,0.101,14.665,1.0072545,0.15878001,0.00938,0.02443,9.4978895,8.386153,1.3364074,0.0137
LH,229.92,83639296,5.29,16.02,0.72,8.30232,16.59746,151.99554,3.31,1.036,0.03426,0.074,-0.052,95.001,1.512676,0.05432,0.007,0.0235,43.46314,14.381965,2.355424,0.0126
LHX,204.29,189668000,6.17,14.39,1.16,8.53333,11.69939,111.46846,2.02,0.726,0.05709,0.077,0.04,67.726,1.881706,0.06258,0.00459,0.01011,33.11021,14.346177,2.0382528,0.0221
LII,609.98,35623300,20.98,23.36,1.15,16.55342,25.81457,144.59918,4.21,1.078,0.14632,0.096,0.83,188.727,4.237295,1.65014,0.0106,0.02995,29.074356,26.116629,28.82567,0.0075
LIN,412.91,476158016,13.19,16.95,1.39,8.85578,19.61744,69.35723,2.75,0.949,0.19328,0.025,0.009,54.828,5.953381,0.1619,0.00419,0.01213,31.304777,24.411469,5.019023,0.013400001
LKQ,36.76,259960000,2.72,3.62,0.3,2.92112,4.22373,55.77397,2.13,1.286,0.049039997,0.004,-0.059,92.384,0.6590888,0.117740005,0.00916,0.01804,13.514705,10.062824,1.5402019,0.0328
LLY,765.1,899315968,9.31,22.66,1.3,-1.4532,6.70754,45.4382,1.41,0.43,0.20482999,0.204,0.204,218.081,16.838253,0.65318,0.00415,0.00644,82.18044,33.831047,48.34755,0.0077
LMT,466,237035008,26.7,28.11,3.15,22.37961,35.07499,300.77836,2.08,0.481,0.09363,0.013,0.01,268.347,1.6019105,0.81037,0.00493,0.01192,17.453182,16.805164,15.274682,0.0274
LNT,57.31,256599008,2.53,3.23,0.48,-4.27954,4.51288,15.45602,5.18,0.574,0.16667,0.004,0.127,153.258,3.7745848,0.096540004,0.00611,0.03015,22.652174,17.806267,2.110477,0.032899998
LRCX,77.98,1286690048,3.2,4.27,0.23,3.09175,4.09545,12.11737,2.86,1.486,0.2602,0.197,0.284,58.827,6.4353895,0.49116,0.00927,0.02474,24.368752,18.751999,11.892634,0.012200001
LULU,395.31,116668000,14.47,14.93,,13.40251,20.09647,85.62151,3.35,1.237,0.16343,0.073,0.175,36.186,4.616947,0.43159,0.0169,0.05494,27.31928,25.95127,11.790092,
LUV,33.83,599737024,-0.08,1.59,0.18,-2.86501,0.6853,45.64668,4.95,1.153,-0.00175,0.053,-0.644,87.36,0.7411274,-0.00447,0.01126,0.05651,20.824999,20.824999,1.9488451,0.0214
LVS,50.93,725025984,2.04,2.75,0.2,2.19078,4.54466,15.6091,5.74,1.117,0.1329,-0.04,-0.243,384.206,3.2628412,0.45166,0.00679,0.03541,24.965687,18.19754,10.776556,0.0159
LW,63.05,142640992,2.54,4.98,0.36,-2.21483,5.56502,45.26328,4.23,0.715,0.09573,-0.007,-0.45,221.158,1.3929611,0.37015,0.01763,0.05219,24.822834,16.156889,5.0666986,0.0184
LYB,73.86,324756992,6.69,8.61,1.34,3.93679,10.494,125.42917,1.7,1.091,0.052729998,-0.029,-0.236,92.277,0.58885825,0.1586,0.00814,0.01565,11.040359,9.362605,1.7487452,0.073699996
LYV,129.27,230599008,0.89,2.42,,2.98419,5.62112,101.10828,4.78,1.334,0.0201,-0.062,-0.139,419.155,1.2807093,0.35808998,0.00985,0.05396,145.2472,44.637432,102.921974,
MA,511.93,910768000,13.24,16.38,0.66,14.90541,15.45509,29.89345,2.23,1.101,0.45262,0.128,0.041,244.839,17.25796,1.7757801,0.00274,0.00609,38.66541,31.263319,63.30283,0.0058
MAA,149.77,116880000,4.28,4.15,1.47,8.17045,9.61752,18.68095,5.11,0.874,0.23878999,0.017,0.039,79.953,8.518885,0.08611,0.0054,0.02659,34.99299,26.969404,2.9427252,0.039100002
MAS,73.1,215748992,3.81,4.42,0.29,4.1298,5.34417,36.53319,3.07,1.25,0.10543,0.002,-0.3,2238.028,2.0009198,5.70874,0.00658,0.02014,19.186352,16.561619,2.0009198,0.0161
MCHP,58.29,537009984,1.46,2.6,0.454,3.11468,3.17313,10.23556,3.71,1.526,0.14220001,-0.484,-0.884,102.895,5.69485,0.118030004,0.01366,0.05771,39.924656,23.533924,4.987593,0.031600002
MCO,473.14,181231008,10.79,13.32,0.85,10.7763,14.57256,38.05088,2.41,1.289,0.29046,0.232,0.389,197.861,12.592344,0.54016,0.00358,0.00818,43.84986,35.405052,21.95851,0.0071
MDLZ,58.22,1337190016,2.74,3.43,0.47,3.19476,3.7504,27.03505,1.67,0.561,0.10556,0.019,-0.125,73.232,2.2141669,0.13552,0.00579,0.01028,21.248175,17.195295,2.7950072,0.031400003
MDT,79.84,1282290048,3.23,5.85,0.7,3.82499,5.37944,25.40533,2.19,0.853,0.12055001,0.028,0.356,57.859,3.186321,0.07948,0.00454,0.00794,24.718266,13.672871,2.0850308,0.032
MET,81.99,692419968,4.92,9.69,0.545,-5.58332,21.90723,103.03573,1.94,1.039,0.052729998,0.162,2.232,151.463,0.7978787,0.13260001,0.00464,0.00939,16.664633,8.458018,1.8414373,0.026500002
META,630.2,2180000000,21.16,25.3,0.5,17.92815,37.95596,71.66376,2.6,1.215,0.35549998,0.189,0.374,29.811,10.183475,0.36134,0.0055,0.01345,29.78261,24.78108,9.667721,0.0033
MGM,33.94,297740000,2.78,2.3,0.003,3.06284,8.08382,57.84126,4.84,2.241,0.052410003,0.053,0.326,841.031,0.5893719,0.2901,0.01301,0.05631,12.208632,14.280725,3.117766,
MHK,117.77,63121300,8.89,11.15,,7.71474,16.36894,171.28948,1.58,1.389,0.052160002,-0.017,-0.017,32.986,0.6875495,0.07457,0.01177,0.01608,13.247468,10.760596,0.94671935,
MKC,74.13,252191008,2.88,3.12,0.45,2.3329,4.12544,26.48191,2.96,0.764,0.11868,-0.003,0.317,84.828,3.0482707,0.15067,0.00654,0.02119,25.739582,23.709003,3.6692572,0.023699999
MKTX,222.34,37704400,7.38,8.23,0.74,8.52771,9.30061,21.53438,2.21,1.053,0.34320998,0.2,0.301,5.424,10.324883,0.21625,0.01015,0.02589,30.12737,27.14088,6.0505614,0.013099999
MLM,517.37,61118100,32.28,20.84,0.79,12.48157,21.73497,106.56745,3.47,0.897,0.3046,-0.053,-0.122,48.348,4.8548594,0.23437001,0.00697,0.02319,16.027573,24.56833,3.4486506,0.0061
MMC,208.48,491121984,8.11,9.43,0.815,7.44698,8.40728,48.75571,2.01,0.937,0.16822,0.059,0.027,106.462,4.276012,0.32048,0.00372,0.00763,25.706535,22.048216,7.4788346,0.0154
MMM,130.29,544558976,9.61,7.9,0.7,5.74984,3.64882,59.93474,2.15,1.001,0.13451,0.004,0.004,295.441,2.1738644,1.1329399,0.00605,0.01107,13.557752,16.439112,15.285076,0.0216
MNST,51.87,972520000,1.55,1.87,0.005208,1.24113,1.95488,7.62018,4.35,0.742,0.21662001,0.013,-0.116,13.985,6.8751626,0.23517,0.0055,0.02244,33.464516,27.650139,8.727915,
MOH,298.31,57200000,19.67,25.71,,-3.3479,3.11189,656.36366,1.51,0.586,0.030469999,0.174,0.342,53.019,0.4544889,0.26454002,0.01286,0.01825,15.165734,11.3800745,3.5647197,
MOS,25.39,317644992,1.13,2.46,0.21,-0.13817,5.09374,36.06668,1.92,1.36,0.0324,-0.208,-0.208,35.767,0.7039738,0.03346,0.01335,0.02678,22.469027,10.877062,0.68346393,0.035
MPC,140.53,321388992,12.69,10.2,0.825,10.01046,23.58824,443.9169,3.95,1.371,0.031719998,-0.148,-0.774,114.328,0.32154647,0.21053,0.00788,0.02668,11.074075,14.201836,2.4123251,0.0255
MPWR,631.1,48780000,8.86,17.18,1.25,10.59245,15.86802,41.80908,2.15,1.148,0.21292,0.306,0.19,0.693,15.094806,0.20214,0.01914,0.04765,71.23025,38.15273,13.090373,0.0081
MRK,99.72,2529639936,4.78,9.4,0.81,5.54214,7.22,24.97351,2.4,0.411,0.19229001,0.044,-0.333,85.572,3.9930303,0.28332,0.00433,0.01266,20.861923,10.488022,5.673646,0.0327
MRNA,42.57,384817984,-5.81,-8.7,,-8.67196,-8.33381,13.20364,4.37,1.69,-0.43771,0.017,0.017,11.361,3.2241096,-0.17524,0.01983,0.10262,-4.898379,-4.898379,1.3741567,
MS,128.64,1611040000,6.72,7.93,0.925,-17.49801,-17.49801,36.17663,2.25,1.336,0.19205,0.165,0.362,405.772,3.5558865,0.11079001,0.00403,0.00872,19.142859,16.09402,2.2085638,0.0294
MSFT,427.85,7434880000,12.11,14.95,0.75,8.24235,16.42864,34.18885,2.78,0.904,0.35608003,0.16,0.104,33.657,12.514314,0.35604,0.00279,0.0081,35.330307,28.485258,11.057555,0.0078
MSI,456.45,167120992,9.04,14.69,1.09,11.7946,15.35415,63.7562,2.22,0.979,0.1466,0.092,0.219,490.007,7.243826,1.82528,0.00476,0.01218,50.49226,30.984837,57.45123,0.0094
MU,99.26,1114169984,3.49,12.87,0.115,0.32625,7.63528,22.53785,2.09,1.179,0.03098,0.933,0.933,31.194,4.404146,0.01743,0.01842,0.03042,28.441261,7.733674,2.4391203,0.0044
NCLH,25.64,439708000,1.15,2.09,,0.33674,4.34281,21.27944,2.72,2.682,0.0587,0.107,0.34,1240.664,1.2049189,0.69788,0.02388,0.06166,22.295652,12.175027,9.930286,
NDAQ,76.82,574758016,1.63,3.14,0.24,2.54716,2.87251,12.20862,1.85,0.96,0.13667,0.311,-0.114,93.096,6.406944,0.10888,0.00451,0.00818,47.128834,24.398766,3.987749,0.012300001
NDSN,206.96,57016000,8.12,10.41,0.78,7.8955,10.92714,46.73692,3.76,0.907,0.17746,0.02,-0.081,56.526,4.4281907,0.17406,0.00518,0.01511,25.487686,18.910059,4.146913,0.0125
NEE,71.24,2056400000,3.33,3.68,0.515,-8.05716,6.88436,12.76308,3.72,0.561,0.26492,0.055,0.5,139.015,5.640489,0.09887999,0.00495,0.01721,21.393393,19.366642,2.9269893,0.0286
NEM,37.79,1138450048,-2.19,3.83,0.25,-1.70341,3.92463,14.92116,1.78,0.531,-0.07141,0.847,3.039,30.436,2.5326443,-0.05159,0.00939,0.01593,9.916527,9.916527,1.4550285,0.026199998
NFLX,881.79,427457984,17.71,23.78,,50.64194,17.5163,87.9321,2.26,1.25,0.20701,0.15,0.448,81.461,10.028078,0.34714,0.00766,0.01693,49.790516,36.79448,16.589657,
NI,35.57,466779008,1.6,1.86,0.265,-2.07395,3.51537,11.33149,2.23,0.507,0.14631,0.048,0.097,131.811,3.2114074,0.08756,0.00743,0.01881,22.231249,19.168692,1.9892622,0.0291
NKE,72,1190599936,3.24,3.23,0.37,5.5197,6.62607,42.00571,2.36,1.035,0.10599,-0.104,-0.255,86.962,2.1429255,0.3798,0.00936,0.02123,22.222221,27.726114,7.499219,0.0208
NOC,455.14,145695008,15.79,28.06,2.06,17.84979,29.10189,281.30684,2.38,0.346,0.05795,0.023,0.133,122.722,1.663024,0.15484,0.00494,0.01402,28.824574,16.23696,4.4999657,0.0176
NOW,1077.05,206316992,6.46,16.7,,16.63217,20.53636,50.71807,2.83,0.986,0.12768,0.222,0.769,24.166,21.236023,0.16221,0.00592,0.01743,166.72601,64.885735,23.919561,
NRG,98.72,202566000,4.05,6.9,0.408,8.94708,7.87398,138.80908,4.66,1.088,0.03428,-0.091,-0.091,433.016,0.71119267,0.31931,0.0127,0.05355,24.375307,13.609043,10.81863,0.0165
NSC,236.96,226240000,10.71,13.58,1.35,0.21216,16.6814,53.80127,2.05,1.302,0.19849001,0.027,1.31,128.64,4.404357,0.18303,0.00522,0.01008,22.125116,17.593449,3.8889892,0.0229
NTAP,118,203306000,5.48,7.58,0.52,6.03339,7.73711,31.36651,7.38,1.225,0.17014,0.076,0.696,285.038,3.761974,1.2042199,0.00844,0.04371,21.532846,15.014136,21.211576,0.0164
NUE,120.62,234812992,10.86,9.36,0.55,3.71401,20.29681,133.56563,3.09,1.567,0.080520004,-0.152,-0.77,32.901,0.90307665,0.13221,0.00908,0.0249,11.106814,14.468832,1.3834473,0.0191
NVDA,149.43,24490000384,2.53,4.12,0.01,1.37713,1.9871,3.9325,1.01,1.657,0.55041003,1.224,1.68,17.221,37.998695,1.23767,0.00895,0.01006,59.06324,33.724674,85.682335,0.0003
NVR,7988.67,3063880,483.31,518.05,0.167,329.5336,402.4694,3355.6795,2.73,1.201,0.15898,0.06,0.042,24.537,2.405055,0.38716,0.00656,0.01981,16.529081,15.147858,5.732188,
NWS,30.27,189480992,0.61,0.61,0.1,3.37831,6.42281,53.63599,4.64,1.351,0.034930002,0.031,3.181,44.272,1.5942636,0.04916,0.00367,0.0202,49.62295,28.828573,2.0878742,0.0066
NWSA,27.44,378342016,0.62,1.06,0.1,1.69192,3.21667,26.86194,1.76,1.351,0.034930002,0.031,3.181,44.272,1.5942633,0.04916,0.00632,0.01235,44.258064,26.133335,1.8926749,0.0073
NXPI,213.41,254156000,10.69,13.07,1.014,6.95931,13.88124,50.85459,3.31,1.494,0.20983,-0.054,-0.073,104.495,4.1964746,0.29555,0.00914,0.02925,19.963518,16.378534,5.7630095,0.0194
O,52.73,875211008,1.04,1.59,0.264,3.06769,3.84133,5.72971,3.42,0.996,0.1754,0.286,-0.089,68.941,9.298905,0.02513,0.00561,0.01697,50.701923,35.827606,1.1999909,0.059499998
ODFL,182.67,213498000,5.77,5.9,0.26,3.5237,7.9388,27.74982,6.65,0.989,0.21027,-0.03,-0.071,1.437,6.582745,0.30241,0.00663,0.03957,31.658579,31.435911,9.3523445,0.0057
OKE,101.62,582953024,4.66,5.97,0.99,2.18843,8.20821,34.19315,4.76,1.625,0.14047,0.199,0.192,166.619,3.0093756,0.16875,0.00504,0.02654,21.806868,16.751175,3.5152898,0.0385
OMC,85.1,196411008,7.25,8.64,0.7,6.52567,8.19455,78.54855,5.05,0.968,0.094519995,0.085,0.048,155.236,1.093462,0.33923998,0.00998,0.06401,11.737931,9.789205,4.2018466,0.0326
ON,64.51,425796992,4.07,4.32,,1.14879,4.55123,17.32727,4.38,1.654,0.23795,-0.192,-0.281,42.376,3.723033,0.2183,0.01515,0.06155,15.850122,15.036245,3.1987903,
ORCL,165.69,2796960000,4.09,7.16,0.4,3.69669,6.83814,19.24053,3.47,1.013,0.20396,0.069,0.198,749.978,8.644236,1.55578,0.00269,0.00757,40.511,23.487469,52.450146,0.0083
OXY,50.77,938342976,3.67,3.16,0.22,-5.18547,12.06595,28.92013,3.29,1.608,0.16254999,0.002,-0.18,79.146,1.7555248,0.13118,0.01218,0.03792,13.833787,14.24507,1.8050914,0.0174
PANW,179.5,656200000,3.77,7.2,,3.80783,4.96434,12.23331,4.75,1.118,0.3211,0.121,0.591,27.28,14.97959,0.74517995,0.00747,0.01566,47.612732,49.468117,11.287888,
PARA,10.93,626273024,-9.06,1.63,0.05,26.94212,1.64146,46.09332,5.53,1.767,-0.18887,-0.056,-0.056,91.924,0.26316968,-0.30080998,0.0144,0.10461,6.7173905,6.7173905,0.4384276,0.0187
PAYC,207.03,57662000,8.45,8.72,0.375,5.01659,8.80963,31.63127,4.21,1.139,0.25779,0.112,0.008,5.516,6.545106,0.32584998,0.01058,0.03657,24.500591,23.748564,7.691422,0.0074
PAYX,136.06,360063008,4.63,5.29,0.98,3.28047,4.86248,14.74964,10.71,0.987,0.31983998,0.025,0.017,22.517,9.469374,0.45672,0.00478,0.04812,29.386608,25.611294,12.890573,0.028900001
PCAR,107.24,524300992,9.14,7.76,3,-0.41479,8.3576,66.43684,5.82,0.89,0.13514,-0.052,-0.209,83.654,1.6141647,0.27142,0.00449,0.02135,11.733041,13.504851,3.0123596,0.0126
PCG,19.86,2193509888,1.25,1.48,0.025,-3.37034,2.99976,11.3193,1.97,1.035,0.110640004,0.009,0.685,221.631,1.8022296,0.10674,0.00642,0.01781,15.8880005,13.337095,1.5819659,0.0049
PEG,85.7,498224992,4.05,4.07,0.6,-1.75699,4.96964,20.93432,1.86,0.626,0.19482,0.076,2.852,137.098,4.1200337,0.13,0.00482,0.00886,21.160492,21.249952,2.651691,0.0278
PEP,146.27,1371990016,6.78,8.63,1.355,4.42195,8.76974,66.99757,3.46,0.542,0.1018,-0.006,-0.049,229.605,2.1832135,0.48819,0.00427,0.01525,21.573746,16.989214,10.32397,0.036199998
PFE,26.89,5666990080,0.75,2.93,0.42,2.01531,1.98747,10.47734,1.85,0.615,0.071609996,0.312,0.312,73.408,2.5664902,0.04538,0.00761,0.01506,35.853333,9.166275,1.6509086,0.0647
PFG,77.82,228726000,-0.74,8.44,0.72,4.53119,17.87248,61.49935,2.49,1.203,-0.01465,-0.345,-0.345,36.258,1.2668399,-0.01274,0.00525,0.01371,9.278955,9.278955,1.5878717,0.0375
PG,160.6,2355040000,5.8,7.42,1.007,5.63239,8.17141,35.62785,2.57,0.414,0.17063,-0.006,-0.121,69.338,4.50771,0.28766,0.00286,0.00754,27.689655,21.669672,7.4091163,0.024400001
PGR,239.59,585811008,13.61,13.8,0.1,24.86401,24.83566,122.83722,1.88,0.366,0.112720005,0.267,1.101,25.375,1.9718795,0.36411,0.00407,0.00852,17.603968,16.760136,5.1676984,0.0202
PH,641,128720000,22.31,29.44,1.63,19.22242,27.02257,155.26804,2.53,1.432,0.14468999,0.012,0.07,78.976,4.128345,0.24641001,0.00456,0.01012,28.731512,21.673243,6.4001436,0.010199999
PHM,108.93,205082000,13.41,13.5,0.22,4.79379,6.83435,84.44821,2.76,1.641,0.16635,0.118,0.156,19.411,1.303168,0.26705,0.00872,0.02236,8.123043,7.9094462,1.9345386,0.008
PKG,227.08,89804896,8.63,11.24,1.25,5.22104,13.37455,91.03178,2.06,0.777,0.09458,0.127,0.3,64.596,2.4945135,0.18972,0.0073,0.01406,26.312862,20.004847,4.7493362,0.0221
PLD,106.66,926174976,3.34,3.52,0.96,5.41603,5.02192,8.89595,3.48,1.094,0.37427,0.068,0.343,57.079,11.989721,0.05662,0.0043,0.01393,31.934134,39.987255,1.8635451,0.0364
PLTR,75.92,2180649984,0.19,0.47,,0.35966,0.45615,1.21355,0.95,2.697,0.18009001,0.3,1,5.552,68.77083,0.12409,0.0347,0.03544,399.57895,159.07472,38.30474,
PNR,99.52,165231008,3.94,4.85,0.23,3.46182,4.83384,24.78046,1.99,1.189,0.16290002,-0.015,0.063,49.774,4.0782175,0.20408002,0.00781,0.01365,25.258883,20.52801,4.699882,0.0099
PNW,83.09,113700000,5.24,4.68,0.895,-2.61855,13.58073,44.16078,3.39,0.518,0.122609995,0.08,-0.037,168.24,1.9077955,0.09578,0.01087,0.03586,15.856871,18.17446,1.4270011,0.0425
PODD,268.41,70144800,5.86,3.87,,1.51223,4.67319,28.28292,4.69,1.219,0.21215999,0.257,0.46,128.909,9.490178,0.48786,0.00775,0.03791,45.803753,68.279465,16.839827,
POOL,332.51,38055500,11.64,12.03,1.2,12.21668,16.47147,139.96726,9.17,1.008,0.084189996,-0.028,-0.068,86.515,2.375627,0.31463,0.00852,0.08224,28.56615,27.637196,8.839825,0.014199999
PPG,115.07,232000000,6.35,8.85,0.68,4.49946,8.5,77.71552,2.52,1.254,0.08242,-0.015,0.117,91.282,1.4806566,0.19149,0.00753,0.01991,18.12126,13.174767,3.427865,0.0233
PPL,31.73,737969984,1.09,1.83,0.258,-0.92839,2.62748,11.22268,3.23,0.834,0.09949,0.011,-0.069,117.528,2.875427,0.05864,0.006,0.01993,29.11009,17.381538,1.6611695,0.0319
PRU,118.64,355931008,11.19,14.69,1.3,55.14798,20.46183,205.00039,4.1,1.282,0.056199998,1.334,1.334,141.51,0.58116955,0.13773,0.00403,0.01693,10.602324,8.042866,1.388333,0.0436
PSA,295.83,175183008,9.5,10.63,3,12.29746,17.98873,26.82124,5.64,0.69,0.40367,0.034,-0.325,97.567,11.201953,0.19163999,0.00409,0.02161,31.14,27.79453,9.848197,0.0399
PSX,115.17,412988992,7.76,9.49,1.15,2.23039,12.54997,357.72867,2.91,1.319,0.0228,-0.104,-0.825,67.143,0.3245197,0.11121,0.00621,0.01794,14.841495,12.3461685,1.6560024,0.0396
PTC,184.83,120356000,3.12,7,,6.23138,6.23138,19.09728,2.91,1.174,0.16373,0.146,1.728,60.052,9.678344,0.12775,0.00621,0.01675,59.240387,26.758686,6.9066925,
PWR,328.06,147612000,5.45,10.16,0.1,12.41958,16.07403,155.15893,4.62,1.009,0.03539,0.155,0.066,70.631,2.114348,0.12696,0.00597,0.02862,60.194496,32.081253,6.848423,0.0012
PYPL,89.53,1002540032,4.18,4.89,,3.75309,7.65057,31.3773,3.07,1.436,0.14076,0.058,0.065,65.718,2.8533366,0.22188,0.0091,0.02519,21.418661,18.319769,4.4644456,
QCOM,159.85,1111000064,8.93,12.23,0.85,8.02925,10.9829,35.0693,2.78,1.286,0.2603,0.187,0.941,58.765,4.5581174,0.42253,0.00721,0.0206,17.900335,13.06089,6.7715836,0.0215
RCL,228.41,268875008,9.96,14.29,0.55,-6.00658,18.27615,59.71176,6.78,2.6,0.16207,0.175,0.154,298.394,3.8340871,0.44263,0.00698,0.04342,22.932732,15.779729,8.717274,0.0096
REG,71.08,181504992,2.06,2.1,0.705,3.45281,4.24627,8.20811,4.34,1.218,0.27096,0.089,0.08,66.82,8.9510975,0.0583,0.0059,0.02713,34.504856,34.440323,1.9667959,0.038599998
REGN,716.26,108072000,40.33,45.31,,20.79759,39.30158,128.12847,2.14,0.142,0.33613998,0.106,0.298,9.221,5.699158,0.17166,0.00749,0.01739,17.75998,15.757298,2.6329217,
RL,242.96,40217100,10.86,13.02,0.825,19.74036,27.36647,167.59289,2.85,1.504,0.10145,0.057,0.055,109.237,2.1604195,0.28424,0.01598,0.04604,22.37201,18.360548,6.17763,0.014099999
RMD,235.09,146796000,7.64,10.29,0.53,7.63332,9.81304,32.74943,10.8,0.687,0.23149,0.111,0.416,16.366,7.178446,0.23565,0.00604,0.05318,30.770943,22.831808,6.642086,0.0092
ROK,281.46,113033000,8.25,11.4,1.25,5.24194,7.64202,73.11316,2.68,1.359,0.11526,-0.206,-0.198,111.327,3.8678355,0.25539,0.00753,0.02425,34.116364,24.61668,9.099608,0.0185
ROL,45.65,484304992,0.97,1.12,0.15,0.92316,1.18173,6.83583,4.29,0.701,0.14182,0.09,0.077,63.703,6.6780515,0.38792,0.00328,0.01368,47.061855,40.80374,16.77692,0.0143
ROP,507.1,107229000,13.39,20.02,0.825,19.1175,21.38228,63.18813,1.99,1.029,0.21784,0.129,0.054,45.241,8.144614,0.08238,0.00481,0.00911,37.871544,25.265043,2.936782,0.0064
ROST,154.95,329928992,6.38,6.69,0.368,3.33403,7.15078,63.93174,2.19,1.1,0.09824,0.071,0.205,114.299,2.4236786,0.43236,0.00808,0.01426,24.286833,22.959772,10.661208,0.010299999
RSG,200.95,313152000,6.25,6.81,0.58,4.55613,12.1746,50.51093,2.33,0.707,0.12458,0.065,0.185,114.524,3.9801252,0.18284,0.00304,0.00707,32.152,29.385227,5.6068635,0.0115
RTX,114.1,1331020032,3.46,6.11,0.63,6.06377,7.74519,59.38453,2.6,0.54,0.05969,0.492,0.492,69.597,1.9213758,0.073460005,0.00339,0.00881,32.97688,18.796001,2.4850266,0.0217
RVTY,115.59,121702000,2.13,5.16,0.07,6.43904,5.34652,22.36245,4.03,1.056,0.093439996,0.02,9.234,41.849,5.1689324,0.03308,0.00711,0.03264,54.2676,22.71249,1.7814869,0.0025
SCHW,74.48,1779660032,2.56,3.8,0.25,18.84292,18.84292,10.52785,2.04,0.952,0.27471,0.052,0.271,144.242,7.2739644,0.12111,0.0044,0.00862,29.093752,18.830431,3.5836983,0.013400001
SHW,337.82,251852992,10.1,12.78,0.715,7.61813,12.45687,91.53554,3.3,1.175,0.11094,0.007,0.078,291.114,3.6905885,0.64452004,0.00741,0.02182,33.447525,26.53573,20.369009,0.0085
SJM,109.16,106416000,4.85,10.53,1.08,5.0837,11.12991,79.86205,4.83,0.246,0.08771,0.177,-0.026,111.438,1.3965278,0.10090999,0.01026,0.03205,22.507217,10.35885,1.5066736,0.038
SLB,38.76,1412150016,3.11,3.67,0.275,2.43397,5.12269,25.4895,4.56,1.532,0.12441,0.102,0.064,57.141,1.520626,0.21722999,0.00836,0.0309,12.463022,10.98954,2.5444758,0.028499998
SMCI,36.45,585564992,2.2,4.24,,-4.83978,-4.23426,25.51869,0.79,1.279,0.08085,1.43,0.61,39.749,1.4283646,0.32469,0.13574,0.15637,16.568182,9.879843,3.9109445,
SNA,334.58,52489800,19.37,20.12,1.86,15.59446,23.25976,97.21889,5.8,0.954,0.20402001,-0.005,0.042,23.352,3.4568415,0.20599002,0.00778,0.03986,17.273102,16.641167,3.2086616,0.0255
SNPS,501.06,154578000,9.37,14.87,,-0.93303,7.57075,41.94283,3.07,1.076,0.23111999,0.127,0.204,8.7,11.946262,0.21819,0.00679,0.01841,53.474922,28.984217,9.98386,
SO,80.96,1095680000,4.22,4.32,0.72,0.4552,8.6047,24.12018,4.58,0.509,0.17867,0.042,0.078,176.35,3.4129226,0.12713,0.00368,0.01658,19.184835,18.758457,2.6640341,0.035
SPG,174.41,326270016,7.45,6.78,2.1,6.04979,11.54216,18.11078,3.45,1.768,0.41482,0.049,-0.198,780.789,11.187942,0.81232,0.00412,0.01597,23.41074,26.868105,21.295485,0.0477
SPGI,494.19,310300000,11.22,16.81,0.91,14.33572,17.02546,44.36996,2.8,1.183,0.25792,0.159,0.335,31.362,11.2591915,0.099309996,0.00392,0.01069,44.045452,29.292934,4.5112557,0.0073
SRE,84.51,633398976,4.38,5.14,0.62,-7.18643,7.31135,20.39473,4.9,0.759,0.22697,-0.167,-0.123,96.747,4.29866,0.09734,0.00509,0.02542,19.294521,16.38626,1.8571993,0.028299998
STE,204.01,98707296,5.94,9.97,0.57,6.61895,11.14931,53.9527,1.66,0.851,0.08164,0.073,0.305,36.303,3.783317,0.092700005,0.00599,0.00986,34.345116,20.529308,3.0541334,0.0112
STLD,118.64,152244992,11.12,10.04,0.46,0.69301,15.51625,117.58465,2.14,1.325,0.09799,-0.054,-0.409,40.575,1.0089753,0.19703,0.00908,0.01985,10.6690645,12.001319,1.9993259,0.0163
STZ,222.93,181536000,3.13,15.17,1.01,5.32484,16.69256,56.13652,2.26,0.893,0.05687,0.029,0.029,149.155,3.972327,0.07111,0.00778,0.0158,71.22364,14.705242,5.1405444,0.0182
SWK,82.65,154164000,-1.27,5.49,0.82,9.56368,7.76511,99.77491,2.4,1.255,-0.01333,-0.051,19,79.081,0.82836455,-0.02031,0.01078,0.02592,14.99037,14.99037,1.4380916,0.040599998
SWKS,90.905,159920992,3.77,6.4,0.7,7.13415,10.71842,27.33725,4.29,1.205,0.17848,-0.159,-0.758,15.691,3.3253162,0.12777,0.01456,0.05322,24.112732,11.813469,2.2924547,0.0335
SYK,361.36,381216000,9.32,13.53,0.84,7.27967,10.07041,57.64186,3.32,0.92,0.16337,0.119,0.2,79.443,6.271834,0.18868,0.00318,0.01123,38.772533,26.76243,6.8368173,0.0093
SYY,74.74,491225984,3.86,4.92,0.51,4.04822,6.01556,162.2634,4.79,1.2,0.024360001,0.044,0.044,599.732,0.46486145,0.88346,0.00596,0.02982,19.362694,15.131453,16.631063,0.027
T,22.6,7175289856,1.23,2.24,0.278,2.44798,5.33121,17.01116,3.06,0.73,0.07419,-0.005,-0.005,125.151,1.3285397,0.08759,0.00469,0.01486,18.373983,10.357898,1.5841862,0.049000002
TAP,55.96,193564992,4.49,5.93,0.44,3.46725,9.76571,60.35285,5.01,0.827,0.08028,-0.078,-0.515,48.838,0.9751732,0.071669996,0.00888,0.04682,12.463252,9.372812,0.86590534,0.0318
TDY,455.51,46602300,19.59,21.46,,18.46609,21.97102,120.0091,1.72,1.007,0.16876,0.029,0.335,29.147,3.8305457,0.103140004,0.00522,0.00947,23.25217,21.065302,2.21361,
TECH,74.25,158892000,0.96,2.19,0.08,1.46269,1.91002,7.37345,3.49,1.278,0.12864,0.045,-0.323,18.653,10.069907,0.07287,0.00556,0.02209,77.34375,33.80763,5.515935,0.0043
TEL,143.44,299161984,10.34,8.99,0.65,6.91014,11.62247,52.96462,2.59,1.328,0.20151,0.008,-0.479,37.194,2.708223,0.26461,0.00506,0.01195,13.87234,15.912143,3.481976,0.0183
TER,140,162860992,3.36,4.25,0.12,2.37435,3.9199,16.8094,2.39,1.515,0.18745,0.048,0.141,2.738,8.328675,0.19206,0.01445,0.03444,41.666668,33.071438,7.8603106,0.0037
TFX,180.49,46443700,5,15.27,0.34,6.3041,12.31868,65.15036,1.27,1.177,0.07847,0.024,-0.185,42.669,2.789705,0.05412,0.00957,0.01193,36.098,11.820505,1.8704208,0.0075
TGT,139.29,458212000,9.67,10.51,1.12,8.17007,18.68567,234.17109,4.25,1.242,0.04182,0.027,0.428,132.802,0.59482145,0.33968,0.01358,0.03051,14.404343,15.105769,4.787585,0.0287
TJX,120.88,1124160000,4.24,4.6,0.375,3.13901,5.6371,49.47961,2.86,0.893,0.08563,0.056,0.129,162.567,2.4430263,0.66199,0.00442,0.01147,28.509436,26.27078,18.764359,0.0125
TMO,537.19,382500000,16.12,23.49,0.39,17.7317,23.79085,110.77124,1.71,0.792,0.14479999,0.002,-0.038,72.329,4.849544,0.12944001,0.0046,0.01034,33.32444,22.996334,4.1940446,0.0029
TMUS,212.38,1160489984,8.5,10.67,0.65,7.9209,18.61541,68.94157,4.25,0.496,0.12964,0.047,0.434,182.272,3.1781878,0.16087,0.00309,0.01249,24.985884,19.607752,3.8496957,0.0161
TPL,1226.63,22974900,19.5,73.12,1.17,8.29202,20.69763,29.88897,3.25,1.589,0.65343004,0.099,0.011,0.091,41.039562,0.445,0.00979,0.05806,62.904102,16.775574,26.788162,0.0053
TPR,67.66,233036000,3.5,4.76,0.35,4.24859,5.57768,28.60288,4.16,1.556,0.12116,-0.004,-0.06,295.298,2.3654964,0.29924,0.0193,0.09713,19.33143,13.41098,5.2867637,0.021
TRGP,186.16,218063008,5.53,8.26,0.75,-1.57896,15.03923,74.36245,2.31,2.237,0.07774,-0.012,0.804,321.534,2.5035517,0.33885,0.0079,0.01727,33.66365,23.745836,15.790993,0.0161
TRMB,71.1,244208000,6.02,2.98,,4.4521,2.10968,14.8738,1.86,1.489,0.40668,-0.085,-0.467,32.544,4.7802186,0.28913,0.00485,0.0101,11.810631,24.424007,2.9722838,
TROW,114.33,222159008,9.1,9.35,1.24,8.02438,8.14777,31.1088,8.94,1.423,0.30354,0.069,0.34,3.247,3.6867461,0.20495,0.00599,0.05384,12.563736,11.953641,2.4780009,0.0432
TRV,241.88,227019008,19.45,21.25,1.05,64.16698,40.14642,199.72777,2.14,0.63,0.10019,0.119,2.115,29.004,1.2131022,0.19059,0.00549,0.01289,12.435989,11.387358,1.9824767,0.0173
TSCO,53.65,534195008,2.12,11.13,0.22,0.80209,2.43304,27.64822,6.75,0.814,0.07534,0.016,-0.039,233.038,1.9404504,0.5058,0.00954,0.0597,25.306606,24.337357,2.5063066,0.016900001
TSLA,411.05,3210060032,3.65,3.24,,0.21078,4.51051,30.26423,0.95,2.295,0.13075,0.078,0.17,18.078,13.58204,0.20389,0.02895,0.02516,112.61643,126.74523,18.850317,
TSN,56.8,286164000,2.2,3.5,0.49,4.96132,9.05075,186.28829,2.25,0.775,0.01501,0.016,0.016,52.863,0.38871703,0.044710003,0.00763,0.01872,25.81818,13.520011,1.0990287,0.0344
TT,383.52,225024000,10.9,12.65,0.84,10.99638,14.13405,86.16103,2.7,1.221,0.12729,0.114,0.25,69.203,4.4512005,0.35146,0.00513,0.01318,35.18532,30.235302,11.37704,0.0088
TTWO,188.98,175627008,-21.22,7.84,0.001,3.10972,-2.30773,31.07153,5.52,0.85,-0.66375,0.041,0.041,70.922,6.0820947,-0.50913,0.00806,0.042,24.010021,24.010021,5.719733,
TXN,192.18,912217024,5.42,5.88,1.36,-0.5192,6.84486,17.22287,3.08,0.98,0.31601998,-0.084,-0.206,84.399,11.158416,0.29293,0.00604,0.02045,35.45756,31.66532,10.149994,0.0286
TXT,75.41,185512000,4.55,6.7,0.02,3.53953,6.02117,75.3644,4.23,1.244,0.06301,0.025,-0.126,56.941,1.0048501,0.12597999,0.00614,0.02374,16.573626,11.504828,2.0124898,0.0011
TYL,575.84,42798600,5.41,10.83,0.006667,12.55505,12.78729,48.54378,3.08,0.771,0.113929994,0.098,0.582,19.597,12.0338745,0.077259995,0.00604,0.0209,106.43993,53.408226,7.522797,
UAL,98.57,328876000,8.64,12.09,2.15,-3.7058,19.1896,170.2587,3.94,1.393,0.04936,0.025,-0.152,291.676,0.57894254,0.27245,0.01952,0.06068,11.408565,7.891294,2.8341815,
UBER,66.31,2105709952,2.03,2.36,,1.83833,2.94912,19.9244,2.27,1.337,0.10492,0.204,11.205,80.343,3.3280807,0.34326,0.01114,0.02949,32.665024,21.082384,9.440489,
UDR,41.49,329960000,0.37,0.47,0.425,2.12741,2.59238,5.08461,2.71,0.847,0.07606,0.006,-0.377,131.116,9.646087,0.02841,0.00575,0.01371,112.13514,82.98,3.9442914,0.0395
UHS,181.06,58714700,15.21,18.16,0.2,11.86976,31.69726,262.58771,2.87,1.297,0.06655,0.112,0.583,76.373,0.76539034,0.16341,0.01227,0.03261,11.904011,9.969506,1.8081048,0.0045
ULTA,431.3,46372500,24.97,22.87,1,15.509,30.32696,244.13534,2.74,1.326,0.10684,0.009,-0.12,82.149,1.7668487,0.54978,0.0218,0.05864,17.272728,18.507408,9.143911,
UNH,513.67,920284032,15.39,29.9,2.1,-2.60599,18.08355,428.01786,1.32,0.591,0.03635,0.092,0.043,74.683,1.2001134,0.15252,0.00492,0.00699,33.376865,17.188705,5.0152802,0.0164
UNP,230.01,606257024,10.81,12.11,1.34,6.8859,14.9755,40.06222,2.15,1.056,0.27326,0.025,0.096,197.154,5.7785087,0.43396,0.0042,0.00939,21.27752,18.913164,8.417566,0.0232
UPS,124.21,731369984,6.65,8.81,1.63,5.60506,12.60374,123.99469,3.07,0.982,0.062480003,0.056,0.374,155.425,1.1648834,0.31422,0.00547,0.01823,18.678196,14.162878,6.285295,0.052699998
URI,684,65622400,37.62,46.86,1.63,39.43394,74.85249,228.24523,3.46,1.682,0.17125,0.06,0.04,167.987,3.04633,0.31401,0.00807,0.02668,18.181818,14.530842,5.2372055,0.0094
V,313.04,1729400064,9.73,12.66,0.52,7.66696,11.53579,20.77368,4.6,0.952,0.54955,0.117,0.169,53.239,16.873367,0.50708,0.00344,0.01451,32.172665,24.719727,15.591971,0.0075
VICI,29.56,1054169984,2.71,2.73,0.433,0.1608,2.19499,3.60949,5.53,0.961,0.73902,0.067,0.275,66.55,8.189518,0.111899994,0.00452,0.02444,10.907749,10.768671,1.1854823,0.0587
VLO,122.12,316584992,11.17,9.65,1.07,15.13338,21.64348,406.62381,6.34,1.374,0.028670002,-0.152,-0.848,38.593,0.30558982,0.13797,0.00816,0.04696,10.932856,13.832601,1.530959,0.0344
VMC,257.38,132061000,6.41,9.08,0.46,9.66892,10.9881,56.02184,2.67,0.805,0.114300005,-0.083,-0.246,49.475,4.59428,0.11133,0.00637,0.01398,40.15289,28.296886,4.320704,0.0072
VRSK,273,141211008,6.42,7.29,0.39,5.40884,8.08011,19.99348,3.75,0.862,0.32650003,0.07,0.194,1069.413,13.818443,2.65609,0.00466,0.01671,42.523365,37.267387,128.83437,0.0056
VRTX,402.49,257528992,-1.89,18.77,,11.89531,-3.27186,41.2606,2.68,0.394,-0.045149997,0.116,0.01,11.35,9.866796,-0.029849999,0.00559,0.01364,21.516878,21.516878,6.636711,
VST,163.95,340225984,5.36,6.9,0.222,1.76353,12.02436,47.80646,1.43,1.111,0.12505001,0.539,3.2,183.15,3.4294527,0.30168,0.018,0.0213,30.587685,20.407019,18.840496,0.0055
VTR,56.9,419511008,-0.14,0.16,0.45,2.47924,2.94407,11.43502,8.58,1.39,-0.01386,0.08,0.08,136.679,5.0992427,-0.00543,0.00624,0.05132,123.695656,123.695656,2.444473,0.0309
VTRS,11.95,1193590016,-0.73,2.67,0.12,3.47329,1.91716,12.60776,3.08,0.929,-0.0587,-0.048,-0.706,80.912,0.97400224,-0.043449998,0.00629,0.01933,4.491434,4.491434,0.7206609,0.039100002
VZ,39.61,4209629952,2.31,4.73,0.678,1.58467,8.35157,31.88808,3.96,0.418,0.07298,-0.31,-0.31,182.615,1.2421571,0.10431,0.00412,0.01481,17.147186,8.3775015,1.731055,0.0673
WAB,192.23,171890000,6.06,8.49,0.2,6.85104,10.45436,60.09658,2.33,1.272,0.10252,0.044,0.226,39.063,3.1986847,0.103690006,0.00595,0.01445,31.72112,22.277205,3.2519624,0.0042
WAT,377.1,59376200,10.63,12.93,,10.90016,12.66679,48.9278,3.85,0.973,0.21431999,0.04,0.194,120.473,7.707275,0.4964,0.00809,0.03326,35.47507,29.315117,13.965116,
WBA,9.47,863488000,-9.98,1.47,0.25,3.1655,1.17894,171.0018,3.78,0.669,-0.05849,0.06,0.06,277.898,0.055554945,-0.75969005,0.02714,0.11179,5.9057207,5.9057207,0.7833568,0.105299994
WBD,10.83,2453169920,-4.58,-0.13,,8.26655,2.54283,16.13341,2.83,1.483,-0.28342,-0.036,-0.036,111.154,0.6712777,-0.27295,0.01189,0.03863,15.879533,15.879533,0.7565491,
WDAY,254.14,214000000,6.12,8.3,,9.84558,11.16355,36.74299,2.79,1.352,0.19598,0.167,0.661,40.312,8.553396,0.21080999,0.01503,0.02109,41.526146,30.347576,8.297094,
WEC,92.12,316353984,4.02,5.22,0.835,-1.97093,9.83076,26.97358,5.96,0.438,0.15143,-0.048,-0.241,155.836,3.4771059,0.105220005,0.00582,0.03058,22.915424,17.613497,2.4120865,0.0381
WELL,124.05,622689984,1.55,1.82,0.67,3.82997,3.32061,12.13372,3.67,1.194,0.121190004,0.288,2.004,52.153,10.369433,0.03417,0.00425,0.01621,80.032265,64.94765,2.5288973,0.021300001
WM,201.76,401366016,6.56,8.07,0.75,3.38812,13.10774,53.28553,2.14,0.747,0.12349,0.079,0.153,208.894,3.786394,0.35025,0.00378,0.0082,30.756098,24.99464,10.148893,0.0149
WMB,55.81,1219010048,2.33,2.09,0.475,0.98041,4.56846,8.50362,2.3,1.062,0.27754,0.045,0.077,182.368,6.6560125,0.20583001,0.00535,0.01402,23.952791,26.403187,5.4893284,0.0336
WMT,91.43,8033390080,2.42,2.72,0.208,0.95867,4.21765,82.78386,2.59,0.516,0.02339,0.048,-0.423,69.566,1.1044425,0.18531999,0.00194,0.00395,37.78099,33.175133,8.781215,0.0099
WRB,57.22,381068992,3.85,4.35,0.58,8.79657,9.35896,34.61989,3.65,0.621,0.11956,0.122,0.11,36.284,1.6733184,0.20537001,0.00427,0.0123,14.862338,13.207308,2.5885546,0.0055
WST,332.72,72422400,6.69,7.52,0.2,2.78488,9.69866,39.717,2.36,1.003,0.17368999,-0.001,-0.136,11.188,8.448767,0.17778,0.00885,0.01602,49.733932,44.511513,8.765016,0.0025
WTW,306.61,100725000,-7.17,18.09,0.88,10.22959,14.24671,97.38397,1.24,0.742,-0.07361,0.057,0.057,79.115,3.1734397,-0.08361,0.0067,0.01013,16.62974,16.62974,4.1281486,0.0114
WY,28.5,726582016,0.73,0.86,0.2,0.67663,1.48366,9.89565,2.91,1.428,0.07427,-0.169,-0.882,51.335,2.880054,0.052989997,0.0047,0.01248,39.041096,31.662796,2.0865364,0.028199999
XEL,65.14,574241984,3.29,3.83,0.548,-4.33136,8.6218,23.96725,3.21,0.398,0.13667,-0.005,0.018,154.33,2.782547,0.10262,0.00648,0.01561,19.799393,17.033316,1.9324789,0.0328
XOM,107.74,4395089920,8.02,7.87,0.95,6.55538,12.84957,78.22775,2.86,0.88,0.09802,-0.015,-0.147,15.394,1.3772606,0.14513999,0.0033,0.0103,13.433914,13.12801,1.7629925,0.0367
XYL,116.84,242944992,3.47,4.75,0.36,3.38708,4.70477,34.67452,2.05,1.05,0.098529994,0.013,0.413,19.84,3.379428,0.08081,0.00552,0.01406,33.671467,24.642096,2.6802468,0.012300001
ZBH,103.56,199074000,5.2,8.6,0.24,6.13434,7.94428,38.15415,4.69,1.021,0.14265001,0.04,0.597,53.611,2.738099,0.08713,0.00741,0.034,19.915384,12.10704,1.6704034,0.0092
ZBRA,395.33,51580000,7.43,16.04,,12.92652,16.44048,90.26755,1.73,1.645,0.082040004,0.313,0.313,69.307,4.379536,0.11873999,0.00693,0.01053,53.207268,24.637785,5.956187,
ZTS,165.9,451164992,5.41,6.34,0.432,4.14981,6.52755,20.28526,2.58,0.896,0.26552,0.11,0.163,129.442,8.178351,0.47303,0.00529,0.01387,30.665434,25.87429,14.312829,0.012200001
ZBRA,395.33,51580000,7.43,16.04,,12.92652,16.44048,90.26755,1.73,1.645,0.082040004,0.313,0.313,69.307,4.379536,0.11873999,0.00693,0.01053,53.207268,24.637785,5.956187,
ZTS,165.9,451164992,5.41,6.34,0.432,4.14981,6.52755,20.28526,2.58,0.896,0.26552,0.11,0.163,129.442,8.178351,0.47303,0.00529,0.01387,30.665434,25.87429,14.312829,0.012200001